Extracted:,"United Nations High Commissioner for Refugees"
"Date extracted:","24/09/2021 09:52 UTC"
"Last updated:","18 June 2021"
"Some data presented may differ from statistics published previously due to retroactive changes or the inclusion of previously unavailable data."

"Data table contains the following:","Population figures"
"Content type","End year stock population totals"
"Data quick link",https://www.unhcr.org/refugee-statistics/download/?url=6ijzZj
"Data definitions",https://www.unhcr.org/refugee-statistics/methodology/
"Usage licence",https://creativecommons.org/licenses/by/4.0/
"Population types included","REF,ROC,ASY,IDP,IOC,VDA,OOC,STA"
Years:
Origin:,AFG
"Country of asylum:",all
Year,"Country of origin","Country of origin (ISO)","Country of asylum","Country of asylum (ISO)","Refugees under UNHCR's mandate",Asylum-seekers,"IDPs of concern to UNHCR","Venezuelans displaced abroad","Stateless persons","Others of concern"
2006,Afghanistan,AFG,Afghanistan,AFG,0,0,129310,,0,0
2006,Afghanistan,AFG,Egypt,EGY,31,0,0,,0,0
2006,Afghanistan,AFG,Australia,AUS,7908,15,0,,0,0
2006,Afghanistan,AFG,Austria,AUT,3664,1575,0,,0,0
2006,Afghanistan,AFG,Azerbaijan,AZE,104,33,0,,0,372
2006,Afghanistan,AFG,Belgium,BEL,226,17,0,,0,0
2006,Afghanistan,AFG,Belarus,BLR,491,9,0,,0,0
2006,Afghanistan,AFG,Brazil,BRA,5,0,0,,0,0
2006,Afghanistan,AFG,Bulgaria,BGR,1967,395,0,,0,0
2006,Afghanistan,AFG,Canada,CAN,14419,294,0,,0,0
2006,Afghanistan,AFG,China,CHN,7,0,0,,0,0
2006,Afghanistan,AFG,Chile,CHL,17,0,0,,0,0
2006,Afghanistan,AFG,Cuba,CUB,0,5,0,,0,0
2006,Afghanistan,AFG,Cyprus,CYP,5,134,0,,0,0
2006,Afghanistan,AFG,Czechia,CZE,237,0,0,,0,0
2006,Afghanistan,AFG,Denmark,DNK,6306,61,0,,0,0
2006,Afghanistan,AFG,Ecuador,ECU,32,0,0,,0,0
2006,Afghanistan,AFG,Finland,FIN,1883,59,0,,0,0
2006,Afghanistan,AFG,France,FRA,1238,0,0,,0,0
2006,Afghanistan,AFG,"United Kingdom of Great Britain and Northern Ireland",GBR,23069,0,0,,0,0
2006,Afghanistan,AFG,Georgia,GEO,5,0,0,,0,0
2006,Afghanistan,AFG,Germany,DEU,21879,3999,0,,0,0
2006,Afghanistan,AFG,Greece,GRC,171,498,0,,0,0
2006,Afghanistan,AFG,Hungary,HUN,2357,5,0,,0,0
2006,Afghanistan,AFG,"Cote d'Ivoire",CIV,14,0,0,,0,0
2006,Afghanistan,AFG,India,IND,9472,137,0,,0,0
2006,Afghanistan,AFG,Indonesia,IDN,65,10,0,,0,0
2006,Afghanistan,AFG,Ireland,IRL,99,112,0,,0,0
2006,Afghanistan,AFG,"Iran (Islamic Rep. of)",IRN,914260,526,0,,0,0
2006,Afghanistan,AFG,Italy,ITA,473,0,0,,0,0
2006,Afghanistan,AFG,Japan,JPN,55,5,0,,0,0
2006,Afghanistan,AFG,Kazakhstan,KAZ,588,21,0,,0,0
2006,Afghanistan,AFG,Kyrgyzstan,KGZ,256,201,0,,0,0
2006,Afghanistan,AFG,Kuwait,KWT,0,44,0,,0,0
2006,Afghanistan,AFG,Lebanon,LBN,6,0,0,,0,0
2006,Afghanistan,AFG,"Sri Lanka",LKA,5,0,0,,0,0
2006,Afghanistan,AFG,Lithuania,LTU,96,0,0,,0,0
2006,Afghanistan,AFG,"Rep. of Moldova",MDA,12,0,0,,0,0
2006,Afghanistan,AFG,Malaysia,MYS,55,30,0,,0,0
2006,Afghanistan,AFG,Malta,MLT,8,0,0,,0,0
2006,Afghanistan,AFG,Netherlands,NLD,21357,1293,0,,0,0
2006,Afghanistan,AFG,Norway,NOR,4084,787,0,,0,0
2006,Afghanistan,AFG,"New Zealand",NZL,961,0,0,,0,0
2006,Afghanistan,AFG,Pakistan,PAK,1043984,2091,0,,0,0
2006,Afghanistan,AFG,Poland,POL,79,0,0,,0,0
2006,Afghanistan,AFG,Portugal,PRT,5,0,0,,0,0
2006,Afghanistan,AFG,Qatar,QAT,40,0,0,,0,0
2006,Afghanistan,AFG,Romania,ROU,272,0,0,,0,0
2006,Afghanistan,AFG,"South Africa",ZAF,18,0,0,,0,0
2006,Afghanistan,AFG,"Russian Federation",RUS,1202,230,0,,0,100000
2006,Afghanistan,AFG,"Saudi Arabia",SAU,0,10,0,,0,0
2006,Afghanistan,AFG,Spain,ESP,74,0,0,,0,0
2006,Afghanistan,AFG,Slovakia,SVK,93,330,0,,0,0
2006,Afghanistan,AFG,Sweden,SWE,4278,591,0,,0,0
2006,Afghanistan,AFG,Switzerland,CHE,1726,189,0,,0,0
2006,Afghanistan,AFG,"Syrian Arab Rep.",SYR,299,355,0,,0,0
2006,Afghanistan,AFG,Tajikistan,TJK,917,238,0,,0,0
2006,Afghanistan,AFG,Turkmenistan,TKM,710,0,0,,0,0
2006,Afghanistan,AFG,Turkey,TUR,75,338,0,,0,0
2006,Afghanistan,AFG,"United Arab Emirates",ARE,5,0,0,,0,0
2006,Afghanistan,AFG,Ukraine,UKR,1189,216,0,,0,0
2006,Afghanistan,AFG,"United States of America",USA,13242,106,0,,0,0
2006,Afghanistan,AFG,Uzbekistan,UZB,1415,0,0,,0,0
2007,Afghanistan,AFG,Afghanistan,AFG,0,0,153718,,0,0
2007,Afghanistan,AFG,Egypt,EGY,28,0,0,,0,0
2007,Afghanistan,AFG,Australia,AUS,4990,12,0,,0,0
2007,Afghanistan,AFG,Austria,AUT,4191,1544,0,,0,0
2007,Afghanistan,AFG,Azerbaijan,AZE,108,43,0,,0,411
2007,Afghanistan,AFG,Belgium,BEL,151,0,0,,0,0
2007,Afghanistan,AFG,Belarus,BLR,454,5,0,,0,0
2007,Afghanistan,AFG,Brazil,BRA,5,0,0,,0,0
2007,Afghanistan,AFG,Bulgaria,BGR,1990,380,0,,0,0
2007,Afghanistan,AFG,Canada,CAN,3470,405,0,,0,0
2007,Afghanistan,AFG,China,CHN,7,0,0,,0,0
2007,Afghanistan,AFG,Chile,CHL,17,0,0,,0,0
2007,Afghanistan,AFG,Cyprus,CYP,5,107,0,,0,0
2007,Afghanistan,AFG,Czechia,CZE,242,16,0,,0,0
2007,Afghanistan,AFG,Denmark,DNK,5378,58,0,,0,0
2007,Afghanistan,AFG,Ecuador,ECU,74,25,0,,0,0
2007,Afghanistan,AFG,Estonia,EST,6,0,0,,0,0
2007,Afghanistan,AFG,Finland,FIN,517,44,0,,0,0
2007,Afghanistan,AFG,France,FRA,1273,0,0,,0,0
2007,Afghanistan,AFG,"United Kingdom of Great Britain and Northern Ireland",GBR,23565,0,0,,0,0
2007,Afghanistan,AFG,Georgia,GEO,5,0,0,,0,0
2007,Afghanistan,AFG,Germany,DEU,24236,2223,0,,0,0
2007,Afghanistan,AFG,Greece,GRC,174,1061,0,,0,0
2007,Afghanistan,AFG,"China, Hong Kong SAR",HKG,0,5,0,,0,0
2007,Afghanistan,AFG,Hungary,HUN,2293,19,0,,0,0
2007,Afghanistan,AFG,"Cote d'Ivoire",CIV,14,0,0,,0,0
2007,Afghanistan,AFG,India,IND,9011,690,0,,0,0
2007,Afghanistan,AFG,Indonesia,IDN,49,12,0,,0,0
2007,Afghanistan,AFG,Ireland,IRL,106,118,0,,0,0
2007,Afghanistan,AFG,"Iran (Islamic Rep. of)",IRN,906071,967,0,,0,0
2007,Afghanistan,AFG,Italy,ITA,1138,0,0,,0,0
2007,Afghanistan,AFG,Japan,JPN,56,10,0,,0,0
2007,Afghanistan,AFG,Kazakhstan,KAZ,404,5,0,,0,0
2007,Afghanistan,AFG,Kyrgyzstan,KGZ,277,344,0,,0,0
2007,Afghanistan,AFG,Kuwait,KWT,5,21,0,,0,0
2007,Afghanistan,AFG,Lebanon,LBN,9,6,0,,0,0
2007,Afghanistan,AFG,"Sri Lanka",LKA,5,0,0,,0,0
2007,Afghanistan,AFG,Lithuania,LTU,97,0,0,,0,0
2007,Afghanistan,AFG,"Rep. of Moldova",MDA,12,0,0,,0,0
2007,Afghanistan,AFG,Malaysia,MYS,68,122,0,,0,0
2007,Afghanistan,AFG,Malta,MLT,8,0,0,,0,0
2007,Afghanistan,AFG,Netherlands,NLD,17296,0,0,,0,0
2007,Afghanistan,AFG,Norway,NOR,2925,646,0,,0,0
2007,Afghanistan,AFG,"New Zealand",NZL,162,5,0,,0,0
2007,Afghanistan,AFG,Pakistan,PAK,2034416,2518,0,,0,0
2007,Afghanistan,AFG,Poland,POL,76,5,0,,0,0
2007,Afghanistan,AFG,Portugal,PRT,6,0,0,,0,0
2007,Afghanistan,AFG,Qatar,QAT,40,0,0,,0,0
2007,Afghanistan,AFG,Romania,ROU,274,0,0,,0,0
2007,Afghanistan,AFG,"South Africa",ZAF,18,0,0,,0,0
2007,Afghanistan,AFG,"Russian Federation",RUS,1315,2072,0,,0,0
2007,Afghanistan,AFG,"Saudi Arabia",SAU,0,9,0,,0,0
2007,Afghanistan,AFG,Spain,ESP,69,0,0,,0,0
2007,Afghanistan,AFG,Slovakia,SVK,87,7,0,,0,0
2007,Afghanistan,AFG,Sweden,SWE,2611,624,0,,0,0
2007,Afghanistan,AFG,Switzerland,CHE,1609,251,0,,0,0
2007,Afghanistan,AFG,"Syrian Arab Rep.",SYR,226,463,0,,0,0
2007,Afghanistan,AFG,Thailand,THA,5,0,0,,0,0
2007,Afghanistan,AFG,Tajikistan,TJK,1126,142,0,,0,0
2007,Afghanistan,AFG,Turkmenistan,TKM,85,0,0,,0,0
2007,Afghanistan,AFG,Turkey,TUR,212,701,0,,0,0
2007,Afghanistan,AFG,"United Arab Emirates",ARE,5,0,0,,0,0
2007,Afghanistan,AFG,Ukraine,UKR,1171,319,0,,0,0
2007,Afghanistan,AFG,"United States of America",USA,2365,73,0,,0,0
2007,Afghanistan,AFG,Uzbekistan,UZB,1047,0,0,,0,0
2008,Afghanistan,AFG,Afghanistan,AFG,0,0,230670,,0,0
2008,Afghanistan,AFG,Egypt,EGY,28,0,0,,0,0
2008,Afghanistan,AFG,Australia,AUS,4933,28,0,,0,0
2008,Afghanistan,AFG,Austria,AUT,5387,2016,0,,0,0
2008,Afghanistan,AFG,Azerbaijan,AZE,125,24,0,,0,469
2008,Afghanistan,AFG,Belgium,BEL,196,0,0,,0,0
2008,Afghanistan,AFG,Belarus,BLR,436,29,0,,0,0
2008,Afghanistan,AFG,Brazil,BRA,5,0,0,,0,0
2008,Afghanistan,AFG,Bulgaria,BGR,2012,377,0,,0,0
2008,Afghanistan,AFG,Canada,CAN,3147,613,0,,0,0
2008,Afghanistan,AFG,Chile,CHL,16,0,0,,0,0
2008,Afghanistan,AFG,Cyprus,CYP,6,75,0,,0,0
2008,Afghanistan,AFG,Czechia,CZE,226,22,0,,0,0
2008,Afghanistan,AFG,Denmark,DNK,5214,82,0,,0,0
2008,Afghanistan,AFG,Ecuador,ECU,79,29,0,,0,0
2008,Afghanistan,AFG,Estonia,EST,6,0,0,,0,0
2008,Afghanistan,AFG,Finland,FIN,578,213,0,,0,0
2008,Afghanistan,AFG,France,FRA,1345,0,0,,0,0
2008,Afghanistan,AFG,"United Kingdom of Great Britain and Northern Ireland",GBR,23079,0,0,,0,0
2008,Afghanistan,AFG,Georgia,GEO,5,0,0,,0,0
2008,Afghanistan,AFG,Germany,DEU,25108,1729,0,,0,1632
2008,Afghanistan,AFG,Greece,GRC,178,1522,0,,0,0
2008,Afghanistan,AFG,"China, Hong Kong SAR",HKG,0,6,0,,0,0
2008,Afghanistan,AFG,Hungary,HUN,2110,54,0,,0,0
2008,Afghanistan,AFG,Iceland,ISL,0,5,0,,0,0
2008,Afghanistan,AFG,"Cote d'Ivoire",CIV,16,0,0,,0,0
2008,Afghanistan,AFG,India,IND,8441,1661,0,,0,0
2008,Afghanistan,AFG,Indonesia,IDN,29,136,0,,0,0
2008,Afghanistan,AFG,Ireland,IRL,127,122,0,,0,0
2008,Afghanistan,AFG,"Iran (Islamic Rep. of)",IRN,935595,1575,0,,0,0
2008,Afghanistan,AFG,Italy,ITA,2315,0,0,,0,0
2008,Afghanistan,AFG,Japan,JPN,56,11,0,,0,0
2008,Afghanistan,AFG,Kazakhstan,KAZ,493,56,0,,0,0
2008,Afghanistan,AFG,Kyrgyzstan,KGZ,267,425,0,,0,0
2008,Afghanistan,AFG,Kuwait,KWT,0,1795,0,,0,0
2008,Afghanistan,AFG,Lebanon,LBN,8,6,0,,0,0
2008,Afghanistan,AFG,"Sri Lanka",LKA,5,5,0,,0,0
2008,Afghanistan,AFG,Lithuania,LTU,97,0,0,,0,0
2008,Afghanistan,AFG,Latvia,LVA,0,8,0,,0,0
2008,Afghanistan,AFG,"Rep. of Moldova",MDA,10,0,0,,0,0
2008,Afghanistan,AFG,Malaysia,MYS,62,465,0,,0,0
2008,Afghanistan,AFG,Malta,MLT,8,0,0,,0,0
2008,Afghanistan,AFG,Netherlands,NLD,13477,0,0,,0,0
2008,Afghanistan,AFG,Norway,NOR,3418,1839,0,,0,0
2008,Afghanistan,AFG,"New Zealand",NZL,167,5,0,,0,0
2008,Afghanistan,AFG,Pakistan,PAK,1780150,2535,0,,0,0
2008,Afghanistan,AFG,Poland,POL,68,5,0,,0,0
2008,Afghanistan,AFG,Portugal,PRT,8,0,0,,0,0
2008,Afghanistan,AFG,Romania,ROU,230,0,0,,0,0
2008,Afghanistan,AFG,"South Africa",ZAF,18,0,0,,0,0
2008,Afghanistan,AFG,"Russian Federation",RUS,2365,841,0,,0,0
2008,Afghanistan,AFG,"Saudi Arabia",SAU,0,5,0,,0,0
2008,Afghanistan,AFG,Spain,ESP,69,0,0,,0,0
2008,Afghanistan,AFG,Slovakia,SVK,76,0,0,,0,0
2008,Afghanistan,AFG,Slovenia,SVN,0,9,0,,0,0
2008,Afghanistan,AFG,Sweden,SWE,2946,604,0,,0,0
2008,Afghanistan,AFG,Switzerland,CHE,1610,582,0,,0,0
2008,Afghanistan,AFG,"Syrian Arab Rep.",SYR,517,289,0,,0,0
2008,Afghanistan,AFG,Tajikistan,TJK,1790,41,0,,0,0
2008,Afghanistan,AFG,Turkmenistan,TKM,46,0,0,,0,0
2008,Afghanistan,AFG,Turkey,TUR,347,2816,0,,0,0
2008,Afghanistan,AFG,Ukraine,UKR,1156,454,0,,0,0
2008,Afghanistan,AFG,"United States of America",USA,2102,63,0,,0,0
2008,Afghanistan,AFG,Uzbekistan,UZB,809,0,0,,0,0
2009,Afghanistan,AFG,Afghanistan,AFG,0,0,297129,,0,0
2009,Afghanistan,AFG,Australia,AUS,5664,54,0,,0,0
2009,Afghanistan,AFG,Austria,AUT,6401,2808,0,,0,0
2009,Afghanistan,AFG,Azerbaijan,AZE,149,15,0,,0,508
2009,Afghanistan,AFG,Belgium,BEL,271,0,0,,0,0
2009,Afghanistan,AFG,Belarus,BLR,408,61,0,,0,0
2009,Afghanistan,AFG,Brazil,BRA,12,0,0,,0,0
2009,Afghanistan,AFG,Bulgaria,BGR,2039,388,0,,0,0
2009,Afghanistan,AFG,Canada,CAN,3015,690,0,,0,0
2009,Afghanistan,AFG,"Cayman Islands",CYM,0,5,0,,0,0
2009,Afghanistan,AFG,China,CHN,7,0,0,,0,0
2009,Afghanistan,AFG,Cyprus,CYP,7,45,0,,0,0
2009,Afghanistan,AFG,Czechia,CZE,222,10,0,,0,0
2009,Afghanistan,AFG,Denmark,DNK,5026,328,0,,0,0
2009,Afghanistan,AFG,Ecuador,ECU,105,24,0,,0,0
2009,Afghanistan,AFG,Estonia,EST,6,9,0,,0,0
2009,Afghanistan,AFG,Fiji,FJI,0,5,0,,0,0
2009,Afghanistan,AFG,Finland,FIN,656,346,0,,0,0
2009,Afghanistan,AFG,France,FRA,1567,0,0,,0,0
2009,Afghanistan,AFG,"United Kingdom of Great Britain and Northern Ireland",GBR,23658,0,0,,0,0
2009,Afghanistan,AFG,Germany,DEU,30320,3891,0,,0,971
2009,Afghanistan,AFG,Greece,GRC,148,0,0,,0,0
2009,Afghanistan,AFG,"China, Hong Kong SAR",HKG,0,15,0,,0,0
2009,Afghanistan,AFG,Croatia,HRV,5,9,0,,0,0
2009,Afghanistan,AFG,Hungary,HUN,1907,198,0,,0,0
2009,Afghanistan,AFG,Iceland,ISL,5,0,0,,0,0
2009,Afghanistan,AFG,"Cote d'Ivoire",CIV,17,0,0,,0,0
2009,Afghanistan,AFG,India,IND,8528,1335,0,,0,0
2009,Afghanistan,AFG,Indonesia,IDN,220,1411,0,,0,0
2009,Afghanistan,AFG,Ireland,IRL,149,55,0,,0,0
2009,Afghanistan,AFG,"Iran (Islamic Rep. of)",IRN,1022494,1718,0,,0,0
2009,Afghanistan,AFG,Italy,ITA,3039,0,0,,0,0
2009,Afghanistan,AFG,Jordan,JOR,5,20,0,,0,0
2009,Afghanistan,AFG,Japan,JPN,57,0,0,,0,0
2009,Afghanistan,AFG,Kazakhstan,KAZ,429,20,0,,0,0
2009,Afghanistan,AFG,Kyrgyzstan,KGZ,323,318,0,,0,0
2009,Afghanistan,AFG,"Rep. of Korea",KOR,0,9,0,,0,0
2009,Afghanistan,AFG,Kuwait,KWT,0,1800,0,,0,0
2009,Afghanistan,AFG,Lebanon,LBN,8,6,0,,0,0
2009,Afghanistan,AFG,"Sri Lanka",LKA,0,5,0,,0,0
2009,Afghanistan,AFG,Lithuania,LTU,100,5,0,,0,0
2009,Afghanistan,AFG,Luxembourg,LUX,0,11,0,,0,0
2009,Afghanistan,AFG,Latvia,LVA,5,20,0,,0,0
2009,Afghanistan,AFG,"Rep. of Moldova",MDA,9,7,0,,0,0
2009,Afghanistan,AFG,Malaysia,MYS,248,296,0,,0,0
2009,Afghanistan,AFG,Malta,MLT,8,0,0,,0,0
2009,Afghanistan,AFG,Netherlands,NLD,9383,1604,0,,0,0
2009,Afghanistan,AFG,Norway,NOR,4415,3251,0,,0,0
2009,Afghanistan,AFG,"New Zealand",NZL,169,5,0,,0,0
2009,Afghanistan,AFG,Pakistan,PAK,1739935,2189,0,,0,0
2009,Afghanistan,AFG,Panama,PAN,0,5,0,,0,0
2009,Afghanistan,AFG,Poland,POL,67,10,0,,0,0
2009,Afghanistan,AFG,Portugal,PRT,7,0,0,,0,0
2009,Afghanistan,AFG,Romania,ROU,102,27,0,,0,0
2009,Afghanistan,AFG,"South Africa",ZAF,18,0,0,,0,0
2009,Afghanistan,AFG,"Russian Federation",RUS,2079,646,0,,0,0
2009,Afghanistan,AFG,"Serbia and Kosovo: S/RES/1244 (1999)",SRB,0,15,0,,0,0
2009,Afghanistan,AFG,Spain,ESP,70,0,0,,0,0
2009,Afghanistan,AFG,Slovakia,SVK,101,0,0,,0,0
2009,Afghanistan,AFG,Slovenia,SVN,5,7,0,,0,0
2009,Afghanistan,AFG,Sweden,SWE,3637,1061,0,,0,0
2009,Afghanistan,AFG,Switzerland,CHE,1683,869,0,,0,0
2009,Afghanistan,AFG,"Syrian Arab Rep.",SYR,963,467,0,,0,0
2009,Afghanistan,AFG,Tajikistan,TJK,2673,1510,0,,0,0
2009,Afghanistan,AFG,Turkmenistan,TKM,29,0,0,,0,0
2009,Afghanistan,AFG,Turkey,TUR,1040,1896,0,,0,0
2009,Afghanistan,AFG,"United Arab Emirates",ARE,5,0,0,,0,0
2009,Afghanistan,AFG,Ukraine,UKR,1239,847,0,,0,0
2009,Afghanistan,AFG,"United States of America",USA,1711,60,0,,0,0
2009,Afghanistan,AFG,Uzbekistan,UZB,546,0,0,,0,0
2010,Afghanistan,AFG,Afghanistan,AFG,0,0,351907,,0,838250
2010,Afghanistan,AFG,Australia,AUS,5518,68,0,,0,0
2010,Afghanistan,AFG,Austria,AUT,7359,2696,0,,0,0
2010,Afghanistan,AFG,Azerbaijan,AZE,718,0,0,,0,0
2010,Afghanistan,AFG,Belgium,BEL,501,0,0,,0,0
2010,Afghanistan,AFG,Belarus,BLR,417,55,0,,0,0
2010,Afghanistan,AFG,Brazil,BRA,22,0,0,,0,0
2010,Afghanistan,AFG,"Bosnia and Herzegovina",BIH,0,11,0,,0,0
2010,Afghanistan,AFG,Bulgaria,BGR,2048,402,0,,0,0
2010,Afghanistan,AFG,Canada,CAN,2727,592,0,,0,0
2010,Afghanistan,AFG,"Cayman Islands",CYM,0,5,0,,0,0
2010,Afghanistan,AFG,China,CHN,7,0,0,,0,0
2010,Afghanistan,AFG,Chile,CHL,12,0,0,,0,0
2010,Afghanistan,AFG,Colombia,COL,0,5,0,,0,0
2010,Afghanistan,AFG,Cyprus,CYP,7,112,0,,0,0
2010,Afghanistan,AFG,Czechia,CZE,224,7,0,,0,0
2010,Afghanistan,AFG,Denmark,DNK,4467,974,0,,0,0
2010,Afghanistan,AFG,Ecuador,ECU,114,24,0,,0,0
2010,Afghanistan,AFG,Estonia,EST,12,0,0,,0,0
2010,Afghanistan,AFG,Fiji,FJI,0,5,0,,0,0
2010,Afghanistan,AFG,Finland,FIN,807,235,0,,0,0
2010,Afghanistan,AFG,France,FRA,1790,0,0,,0,0
2010,Afghanistan,AFG,"United Kingdom of Great Britain and Northern Ireland",GBR,23406,0,0,,0,0
2010,Afghanistan,AFG,Georgia,GEO,5,0,0,,0,0
2010,Afghanistan,AFG,Germany,DEU,30404,7024,0,,0,1073
2010,Afghanistan,AFG,Greece,GRC,96,4552,0,,0,0
2010,Afghanistan,AFG,"China, Hong Kong SAR",HKG,6,6,0,,0,0
2010,Afghanistan,AFG,Croatia,HRV,5,16,0,,0,0
2010,Afghanistan,AFG,Hungary,HUN,1767,54,0,,0,0
2010,Afghanistan,AFG,Iceland,ISL,6,0,0,,0,0
2010,Afghanistan,AFG,India,IND,9094,223,0,,0,0
2010,Afghanistan,AFG,Indonesia,IDN,259,1207,0,,0,0
2010,Afghanistan,AFG,Ireland,IRL,157,181,0,,0,0
2010,Afghanistan,AFG,"Iran (Islamic Rep. of)",IRN,1027577,1639,0,,0,0
2010,Afghanistan,AFG,Italy,ITA,3665,304,0,,0,0
2010,Afghanistan,AFG,Jordan,JOR,15,36,0,,0,0
2010,Afghanistan,AFG,Japan,JPN,54,0,0,,0,0
2010,Afghanistan,AFG,Kazakhstan,KAZ,593,22,0,,0,0
2010,Afghanistan,AFG,Kyrgyzstan,KGZ,415,232,0,,0,0
2010,Afghanistan,AFG,"Rep. of Korea",KOR,7,16,0,,0,0
2010,Afghanistan,AFG,Kuwait,KWT,0,1794,0,,0,0
2010,Afghanistan,AFG,Lebanon,LBN,9,6,0,,0,0
2010,Afghanistan,AFG,Lithuania,LTU,108,0,0,,0,0
2010,Afghanistan,AFG,Luxembourg,LUX,0,16,0,,0,0
2010,Afghanistan,AFG,Latvia,LVA,19,22,0,,0,0
2010,Afghanistan,AFG,"North Macedonia",MKD,0,29,0,,0,0
2010,Afghanistan,AFG,"Rep. of Moldova",MDA,13,8,0,,0,0
2010,Afghanistan,AFG,Malaysia,MYS,430,76,0,,0,0
2010,Afghanistan,AFG,Morocco,MAR,8,0,0,,0,0
2010,Afghanistan,AFG,Malta,MLT,8,0,0,,0,0
2010,Afghanistan,AFG,Netherlands,NLD,6731,1510,0,,0,0
2010,Afghanistan,AFG,Norway,NOR,5396,2249,0,,0,0
2010,Afghanistan,AFG,"New Zealand",NZL,172,12,0,,0,0
2010,Afghanistan,AFG,Pakistan,PAK,1899842,1946,0,,0,0
2010,Afghanistan,AFG,Panama,PAN,0,5,0,,0,0
2010,Afghanistan,AFG,Poland,POL,76,15,0,,0,0
2010,Afghanistan,AFG,Portugal,PRT,6,0,0,,0,0
2010,Afghanistan,AFG,Romania,ROU,75,28,0,,0,0
2010,Afghanistan,AFG,"South Africa",ZAF,18,0,0,,0,0
2010,Afghanistan,AFG,"Russian Federation",RUS,1953,597,0,,0,0
2010,Afghanistan,AFG,"Serbia and Kosovo: S/RES/1244 (1999)",SRB,0,100,0,,0,0
2010,Afghanistan,AFG,Spain,ESP,59,17,0,,0,0
2010,Afghanistan,AFG,Slovakia,SVK,135,0,0,,0,0
2010,Afghanistan,AFG,Slovenia,SVN,6,9,0,,0,0
2010,Afghanistan,AFG,Sweden,SWE,4150,1708,0,,0,0
2010,Afghanistan,AFG,Switzerland,CHE,1929,923,0,,0,0
2010,Afghanistan,AFG,"Syrian Arab Rep.",SYR,1611,541,0,,0,0
2010,Afghanistan,AFG,Tajikistan,TJK,3126,1607,0,,0,0
2010,Afghanistan,AFG,Turkmenistan,TKM,30,0,0,,0,0
2010,Afghanistan,AFG,Turkey,TUR,1491,1956,0,,0,0
2010,Afghanistan,AFG,"United Arab Emirates",ARE,5,16,0,,0,0
2010,Afghanistan,AFG,Ukraine,UKR,1339,1162,0,,0,0
2010,Afghanistan,AFG,"United States of America",USA,1364,46,0,,0,0
2010,Afghanistan,AFG,Uzbekistan,UZB,304,0,0,,0,0
2010,Afghanistan,AFG,"Venezuela (Bolivarian Republic of)",VEN,5,0,0,,0,0
2011,Afghanistan,AFG,Afghanistan,AFG,0,0,447547,,0,951167
2011,Afghanistan,AFG,Algeria,DZA,0,5,0,,0,0
2011,Afghanistan,AFG,Egypt,EGY,0,5,0,,0,0
2011,Afghanistan,AFG,Australia,AUS,4826,124,0,,0,0
2011,Afghanistan,AFG,Austria,AUT,8636,4576,0,,0,0
2011,Afghanistan,AFG,Azerbaijan,AZE,706,21,0,,0,0
2011,Afghanistan,AFG,Belgium,BEL,785,1765,0,,0,0
2011,Afghanistan,AFG,Belarus,BLR,424,36,0,,0,0
2011,Afghanistan,AFG,Brazil,BRA,24,0,0,,0,0
2011,Afghanistan,AFG,Bulgaria,BGR,2067,347,0,,0,0
2011,Afghanistan,AFG,Canada,CAN,2659,450,0,,0,0
2011,Afghanistan,AFG,China,CHN,7,0,0,,0,0
2011,Afghanistan,AFG,Chile,CHL,12,0,0,,0,0
2011,Afghanistan,AFG,Colombia,COL,0,7,0,,0,0
2011,Afghanistan,AFG,Cyprus,CYP,7,115,0,,0,0
2011,Afghanistan,AFG,Czechia,CZE,224,0,0,,0,0
2011,Afghanistan,AFG,Denmark,DNK,3108,160,0,,0,0
2011,Afghanistan,AFG,Ecuador,ECU,114,5,0,,0,0
2011,Afghanistan,AFG,Estonia,EST,13,0,0,,0,0
2011,Afghanistan,AFG,Fiji,FJI,5,0,0,,0,0
2011,Afghanistan,AFG,Finland,FIN,948,280,0,,0,0
2011,Afghanistan,AFG,France,FRA,2120,0,0,,0,0
2011,Afghanistan,AFG,"United Kingdom of Great Britain and Northern Ireland",GBR,14424,1402,0,,0,0
2011,Afghanistan,AFG,Germany,DEU,30425,11087,0,,0,1358
2011,Afghanistan,AFG,Greece,GRC,208,0,0,,0,0
2011,Afghanistan,AFG,"China, Hong Kong SAR",HKG,7,5,0,,0,0
2011,Afghanistan,AFG,Croatia,HRV,16,133,0,,0,0
2011,Afghanistan,AFG,Hungary,HUN,1697,0,0,,0,0
2011,Afghanistan,AFG,Iceland,ISL,6,5,0,,0,0
2011,Afghanistan,AFG,"Cote d'Ivoire",CIV,18,0,0,,0,0
2011,Afghanistan,AFG,India,IND,9161,619,0,,0,0
2011,Afghanistan,AFG,Indonesia,IDN,476,1649,0,,0,0
2011,Afghanistan,AFG,Ireland,IRL,170,209,0,,0,0
2011,Afghanistan,AFG,"Iran (Islamic Rep. of)",IRN,840451,421,0,,0,0
2011,Afghanistan,AFG,Italy,ITA,4291,0,0,,0,0
2011,Afghanistan,AFG,Jordan,JOR,15,12,0,,0,0
2011,Afghanistan,AFG,Japan,JPN,40,5,0,,0,0
2011,Afghanistan,AFG,Kazakhstan,KAZ,556,36,0,,0,0
2011,Afghanistan,AFG,Kyrgyzstan,KGZ,418,130,0,,0,0
2011,Afghanistan,AFG,"Rep. of Korea",KOR,9,65,0,,0,0
2011,Afghanistan,AFG,Lebanon,LBN,5,14,0,,0,0
2011,Afghanistan,AFG,"Sri Lanka",LKA,0,6,0,,0,0
2011,Afghanistan,AFG,Lithuania,LTU,114,19,0,,0,0
2011,Afghanistan,AFG,Latvia,LVA,26,14,0,,0,0
2011,Afghanistan,AFG,"North Macedonia",MKD,0,207,0,,0,0
2011,Afghanistan,AFG,"Rep. of Moldova",MDA,21,0,0,,0,0
2011,Afghanistan,AFG,Mexico,MEX,5,0,0,,0,0
2011,Afghanistan,AFG,Malaysia,MYS,341,95,0,,0,0
2011,Afghanistan,AFG,Morocco,MAR,8,0,0,,0,0
2011,Afghanistan,AFG,Netherlands,NLD,5697,1473,0,,0,0
2011,Afghanistan,AFG,Norway,NOR,5733,1678,0,,0,0
2011,Afghanistan,AFG,"New Zealand",NZL,44,15,0,,0,0
2011,Afghanistan,AFG,Pakistan,PAK,1701945,1543,0,,0,0
2011,Afghanistan,AFG,Panama,PAN,0,5,0,,0,0
2011,Afghanistan,AFG,Poland,POL,68,34,0,,0,0
2011,Afghanistan,AFG,Portugal,PRT,5,5,0,,0,0
2011,Afghanistan,AFG,Romania,ROU,91,57,0,,0,0
2011,Afghanistan,AFG,"South Africa",ZAF,18,0,0,,0,0
2011,Afghanistan,AFG,"Russian Federation",RUS,1687,397,0,,0,0
2011,Afghanistan,AFG,"Saudi Arabia",SAU,0,7,0,,0,0
2011,Afghanistan,AFG,"Serbia and Kosovo: S/RES/1244 (1999)",SRB,0,173,0,,0,0
2011,Afghanistan,AFG,Spain,ESP,62,0,0,,0,0
2011,Afghanistan,AFG,Slovakia,SVK,175,0,0,,0,6
2011,Afghanistan,AFG,Slovenia,SVN,8,28,0,,0,0
2011,Afghanistan,AFG,Sweden,SWE,6620,2204,0,,0,0
2011,Afghanistan,AFG,Switzerland,CHE,2127,1369,0,,0,0
2011,Afghanistan,AFG,"Syrian Arab Rep.",SYR,1791,168,0,,0,0
2011,Afghanistan,AFG,Tajikistan,TJK,3270,2011,0,,0,0
2011,Afghanistan,AFG,Turkmenistan,TKM,31,0,0,,0,0
2011,Afghanistan,AFG,Turkey,TUR,2682,2395,0,,0,0
2011,Afghanistan,AFG,"United Arab Emirates",ARE,0,6,0,,0,0
2011,Afghanistan,AFG,Ukraine,UKR,1457,1494,0,,0,0
2011,Afghanistan,AFG,"United States of America",USA,1103,107,0,,0,0
2011,Afghanistan,AFG,Uzbekistan,UZB,211,0,0,,0,0
2011,Afghanistan,AFG,"Venezuela (Bolivarian Republic of)",VEN,5,0,0,,0,0
2012,Afghanistan,AFG,Afghanistan,AFG,0,0,486298,,0,879376
2012,Afghanistan,AFG,Egypt,EGY,0,9,0,,0,0
2012,Afghanistan,AFG,Australia,AUS,7192,1074,0,,0,0
2012,Afghanistan,AFG,Austria,AUT,10158,6203,0,,0,0
2012,Afghanistan,AFG,Azerbaijan,AZE,576,82,0,,0,0
2012,Afghanistan,AFG,Belgium,BEL,1267,1911,0,,0,0
2012,Afghanistan,AFG,Belarus,BLR,409,40,0,,0,0
2012,Afghanistan,AFG,Brazil,BRA,28,0,0,,0,0
2012,Afghanistan,AFG,Bulgaria,BGR,368,0,0,,0,0
2012,Afghanistan,AFG,Canada,CAN,2609,411,0,,0,0
2012,Afghanistan,AFG,China,CHN,7,0,0,,0,0
2012,Afghanistan,AFG,Chile,CHL,12,0,0,,0,0
2012,Afghanistan,AFG,Cyprus,CYP,7,50,0,,0,0
2012,Afghanistan,AFG,Czechia,CZE,241,14,0,,0,0
2012,Afghanistan,AFG,Denmark,DNK,2515,361,0,,0,0
2012,Afghanistan,AFG,Ecuador,ECU,113,5,0,,0,0
2012,Afghanistan,AFG,Estonia,EST,14,0,0,,0,0
2012,Afghanistan,AFG,Fiji,FJI,0,7,0,,0,0
2012,Afghanistan,AFG,Finland,FIN,1137,155,0,,0,0
2012,Afghanistan,AFG,France,FRA,2590,595,0,,0,0
2012,Afghanistan,AFG,"United Kingdom of Great Britain and Northern Ireland",GBR,9845,1262,0,,0,0
2012,Afghanistan,AFG,Georgia,GEO,5,0,0,,0,0
2012,Afghanistan,AFG,Germany,DEU,31746,14357,0,,0,0
2012,Afghanistan,AFG,Greece,GRC,343,0,0,,0,0
2012,Afghanistan,AFG,"China, Hong Kong SAR",HKG,7,5,0,,0,0
2012,Afghanistan,AFG,Croatia,HRV,19,128,0,,0,0
2012,Afghanistan,AFG,Hungary,HUN,1131,0,0,,0,0
2012,Afghanistan,AFG,Iceland,ISL,6,11,0,,0,0
2012,Afghanistan,AFG,"Cote d'Ivoire",CIV,13,0,0,,0,0
2012,Afghanistan,AFG,India,IND,9633,571,0,,0,0
2012,Afghanistan,AFG,Indonesia,IDN,890,2995,0,,0,0
2012,Afghanistan,AFG,Ireland,IRL,181,210,0,,0,0
2012,Afghanistan,AFG,"Iran (Islamic Rep. of)",IRN,824087,13,0,,0,0
2012,Afghanistan,AFG,Iraq,IRQ,0,33,0,,0,0
2012,Afghanistan,AFG,Italy,ITA,5058,1162,0,,0,0
2012,Afghanistan,AFG,Jordan,JOR,12,12,0,,0,0
2012,Afghanistan,AFG,Japan,JPN,34,0,0,,0,0
2012,Afghanistan,AFG,Kazakhstan,KAZ,525,35,0,,0,0
2012,Afghanistan,AFG,Kyrgyzstan,KGZ,377,150,0,,0,0
2012,Afghanistan,AFG,"Rep. of Korea",KOR,10,22,0,,0,0
2012,Afghanistan,AFG,Lebanon,LBN,12,16,0,,0,0
2012,Afghanistan,AFG,"Sri Lanka",LKA,5,0,0,,0,0
2012,Afghanistan,AFG,Lithuania,LTU,136,16,0,,0,0
2012,Afghanistan,AFG,Latvia,LVA,28,5,0,,0,0
2012,Afghanistan,AFG,"North Macedonia",MKD,0,216,0,,0,0
2012,Afghanistan,AFG,"Rep. of Moldova",MDA,14,0,0,,0,0
2012,Afghanistan,AFG,Mexico,MEX,0,6,0,,0,0
2012,Afghanistan,AFG,Malaysia,MYS,349,115,0,,0,0
2012,Afghanistan,AFG,Mongolia,MNG,0,5,0,,0,0
2012,Afghanistan,AFG,Netherlands,NLD,6126,1473,0,,0,0
2012,Afghanistan,AFG,Norway,NOR,5984,958,0,,0,0
2012,Afghanistan,AFG,Nauru,NRU,0,66,0,,0,0
2012,Afghanistan,AFG,"New Zealand",NZL,29,16,0,,0,0
2012,Afghanistan,AFG,Pakistan,PAK,1637740,3220,0,,0,0
2012,Afghanistan,AFG,Philippines,PHL,5,0,0,,0,0
2012,Afghanistan,AFG,"Papua New Guinea",PNG,0,13,0,,0,0
2012,Afghanistan,AFG,Poland,POL,72,72,0,,0,0
2012,Afghanistan,AFG,Portugal,PRT,6,5,0,,0,0
2012,Afghanistan,AFG,Romania,ROU,125,0,0,,0,0
2012,Afghanistan,AFG,"South Africa",ZAF,20,0,0,,0,0
2012,Afghanistan,AFG,"Russian Federation",RUS,1300,348,0,,0,1092
2012,Afghanistan,AFG,"Saudi Arabia",SAU,0,7,0,,0,0
2012,Afghanistan,AFG,"Serbia and Kosovo: S/RES/1244 (1999)",SRB,0,81,0,,0,0
2012,Afghanistan,AFG,Spain,ESP,92,35,0,,0,0
2012,Afghanistan,AFG,Slovakia,SVK,209,0,0,,0,0
2012,Afghanistan,AFG,Slovenia,SVN,18,18,0,,0,0
2012,Afghanistan,AFG,Sweden,SWE,8454,2353,0,,0,0
2012,Afghanistan,AFG,Switzerland,CHE,2099,2228,0,,0,0
2012,Afghanistan,AFG,"Syrian Arab Rep.",SYR,1737,192,0,,0,0
2012,Afghanistan,AFG,Thailand,THA,0,8,0,,0,0
2012,Afghanistan,AFG,Tajikistan,TJK,2196,2122,0,,0,0
2012,Afghanistan,AFG,Turkmenistan,TKM,19,0,0,,0,0
2012,Afghanistan,AFG,Turkey,TUR,3517,14586,0,,0,0
2012,Afghanistan,AFG,"United Arab Emirates",ARE,0,6,0,,0,0
2012,Afghanistan,AFG,Ukraine,UKR,1480,2105,0,,0,0
2012,Afghanistan,AFG,"United States of America",USA,1017,130,0,,0,0
2012,Afghanistan,AFG,Uzbekistan,UZB,173,0,0,,0,0
2012,Afghanistan,AFG,"Venezuela (Bolivarian Republic of)",VEN,5,0,0,,0,0
2013,Afghanistan,AFG,Afghanistan,AFG,0,0,631286,,0,275486
2013,Afghanistan,AFG,Egypt,EGY,0,29,0,,0,0
2013,Afghanistan,AFG,Australia,AUS,8368,939,0,,0,0
2013,Afghanistan,AFG,Austria,AUT,11906,6248,0,,0,0
2013,Afghanistan,AFG,Azerbaijan,AZE,603,164,0,,0,0
2013,Afghanistan,AFG,Belgium,BEL,4328,580,0,,0,0
2013,Afghanistan,AFG,Belarus,BLR,405,39,0,,0,0
2013,Afghanistan,AFG,Brazil,BRA,41,7,0,,0,0
2013,Afghanistan,AFG,"Bosnia and Herzegovina",BIH,0,6,0,,0,0
2013,Afghanistan,AFG,Bulgaria,BGR,268,584,0,,0,0
2013,Afghanistan,AFG,Canada,CAN,2700,385,0,,0,0
2013,Afghanistan,AFG,China,CHN,7,0,0,,0,0
2013,Afghanistan,AFG,Chile,CHL,14,0,0,,0,0
2013,Afghanistan,AFG,Cyprus,CYP,7,23,0,,0,0
2013,Afghanistan,AFG,Czechia,CZE,238,10,0,,0,0
2013,Afghanistan,AFG,Denmark,DNK,2139,209,0,,0,0
2013,Afghanistan,AFG,Ecuador,ECU,112,5,0,,0,0
2013,Afghanistan,AFG,Estonia,EST,15,0,0,,0,0
2013,Afghanistan,AFG,Fiji,FJI,0,7,0,,0,0
2013,Afghanistan,AFG,Finland,FIN,1357,90,0,,0,0
2013,Afghanistan,AFG,France,FRA,3213,601,0,,0,0
2013,Afghanistan,AFG,"United Kingdom of Great Britain and Northern Ireland",GBR,9166,1430,0,,0,0
2013,Afghanistan,AFG,Georgia,GEO,5,0,0,,0,0
2013,Afghanistan,AFG,Germany,DEU,24203,16148,0,,0,0
2013,Afghanistan,AFG,Greece,GRC,632,3393,0,,0,0
2013,Afghanistan,AFG,"China, Hong Kong SAR",HKG,5,5,0,,0,0
2013,Afghanistan,AFG,Croatia,HRV,20,11,0,,0,0
2013,Afghanistan,AFG,Hungary,HUN,749,697,0,,0,0
2013,Afghanistan,AFG,Iceland,ISL,6,15,0,,0,0
2013,Afghanistan,AFG,India,IND,10328,1049,0,,0,0
2013,Afghanistan,AFG,Indonesia,IDN,1128,2806,0,,0,0
2013,Afghanistan,AFG,Ireland,IRL,129,173,0,,0,0
2013,Afghanistan,AFG,"Iran (Islamic Rep. of)",IRN,814015,37,0,,0,0
2013,Afghanistan,AFG,Iraq,IRQ,5,123,0,,0,0
2013,Afghanistan,AFG,Italy,ITA,6657,1024,0,,0,0
2013,Afghanistan,AFG,Jordan,JOR,7,12,0,,0,0
2013,Afghanistan,AFG,Japan,JPN,34,0,0,,0,0
2013,Afghanistan,AFG,Kazakhstan,KAZ,537,32,0,,0,0
2013,Afghanistan,AFG,Kenya,KEN,5,0,0,,0,0
2013,Afghanistan,AFG,Kyrgyzstan,KGZ,405,147,0,,0,0
2013,Afghanistan,AFG,"Rep. of Korea",KOR,10,18,0,,0,0
2013,Afghanistan,AFG,Lebanon,LBN,16,14,0,,0,5
2013,Afghanistan,AFG,"Sri Lanka",LKA,0,23,0,,0,0
2013,Afghanistan,AFG,Lithuania,LTU,154,24,0,,0,0
2013,Afghanistan,AFG,Luxembourg,LUX,27,7,0,,0,0
2013,Afghanistan,AFG,Latvia,LVA,28,0,0,,0,0
2013,Afghanistan,AFG,"North Macedonia",MKD,0,361,0,,0,0
2013,Afghanistan,AFG,"Rep. of Moldova",MDA,10,12,0,,0,0
2013,Afghanistan,AFG,Mexico,MEX,0,6,0,,0,0
2013,Afghanistan,AFG,Malaysia,MYS,187,138,0,,0,0
2013,Afghanistan,AFG,Nepal,NPL,0,14,0,,0,0
2013,Afghanistan,AFG,Netherlands,NLD,6269,0,0,,0,0
2013,Afghanistan,AFG,Nigeria,NGA,5,0,0,,0,0
2013,Afghanistan,AFG,Norway,NOR,5523,659,0,,0,0
2013,Afghanistan,AFG,Nauru,NRU,0,72,0,,0,0
2013,Afghanistan,AFG,"New Zealand",NZL,32,0,0,,0,0
2013,Afghanistan,AFG,Pakistan,PAK,1615876,5323,0,,0,0
2013,Afghanistan,AFG,Panama,PAN,0,9,0,,0,0
2013,Afghanistan,AFG,Philippines,PHL,5,0,0,,0,0
2013,Afghanistan,AFG,"Papua New Guinea",PNG,0,51,0,,0,0
2013,Afghanistan,AFG,Poland,POL,88,49,0,,0,0
2013,Afghanistan,AFG,Portugal,PRT,9,0,0,,0,0
2013,Afghanistan,AFG,Romania,ROU,106,19,0,,0,0
2013,Afghanistan,AFG,"South Africa",ZAF,20,0,0,,0,0
2013,Afghanistan,AFG,"Russian Federation",RUS,1117,209,0,,0,247
2013,Afghanistan,AFG,"Saudi Arabia",SAU,0,7,0,,0,0
2013,Afghanistan,AFG,"Serbia and Kosovo: S/RES/1244 (1999)",SRB,0,21,0,,0,0
2013,Afghanistan,AFG,Spain,ESP,114,78,0,,0,0
2013,Afghanistan,AFG,Slovakia,SVK,225,0,0,,0,79
2013,Afghanistan,AFG,Slovenia,SVN,22,5,0,,0,0
2013,Afghanistan,AFG,Sweden,SWE,10499,1698,0,,0,0
2013,Afghanistan,AFG,Switzerland,CHE,2578,2190,0,,0,0
2013,Afghanistan,AFG,"Syrian Arab Rep.",SYR,1141,158,0,,0,0
2013,Afghanistan,AFG,Thailand,THA,8,10,0,,0,0
2013,Afghanistan,AFG,Tajikistan,TJK,2004,2253,0,,0,0
2013,Afghanistan,AFG,Turkmenistan,TKM,19,0,0,,0,0
2013,Afghanistan,AFG,Turkey,TUR,3926,22330,0,,0,0
2013,Afghanistan,AFG,Ukraine,UKR,1494,2260,0,,0,0
2013,Afghanistan,AFG,"United States of America",USA,1071,238,0,,0,0
2013,Afghanistan,AFG,Uzbekistan,UZB,138,0,0,,0,0
2013,Afghanistan,AFG,"Venezuela (Bolivarian Republic of)",VEN,5,0,0,,0,0
2014,Afghanistan,AFG,Afghanistan,AFG,0,0,805409,,0,201284
2014,Afghanistan,AFG,Egypt,EGY,0,25,0,,0,0
2014,Afghanistan,AFG,Argentina,ARG,5,0,0,,0,0
2014,Afghanistan,AFG,Australia,AUS,7675,1347,0,,0,0
2014,Afghanistan,AFG,Austria,AUT,14793,0,0,,0,0
2014,Afghanistan,AFG,Azerbaijan,AZE,618,160,0,,0,0
2014,Afghanistan,AFG,Belgium,BEL,5038,765,0,,0,0
2014,Afghanistan,AFG,Belarus,BLR,399,20,0,,0,0
2014,Afghanistan,AFG,Brazil,BRA,52,18,0,,0,0
2014,Afghanistan,AFG,"Bosnia and Herzegovina",BIH,0,7,0,,0,0
2014,Afghanistan,AFG,Bulgaria,BGR,212,2633,0,,0,0
2014,Afghanistan,AFG,Canada,CAN,2704,190,0,,0,0
2014,Afghanistan,AFG,China,CHN,7,0,0,,0,0
2014,Afghanistan,AFG,Chile,CHL,14,0,0,,0,0
2014,Afghanistan,AFG,Cuba,CUB,5,6,0,,0,0
2014,Afghanistan,AFG,Cyprus,CYP,7,13,0,,0,0
2014,Afghanistan,AFG,Czechia,CZE,228,7,0,,0,0
2014,Afghanistan,AFG,Denmark,DNK,2130,144,0,,0,0
2014,Afghanistan,AFG,"Dominican Rep.",DOM,0,5,0,,0,0
2014,Afghanistan,AFG,Ecuador,ECU,112,0,0,,0,0
2014,Afghanistan,AFG,Estonia,EST,15,0,0,,0,0
2014,Afghanistan,AFG,Fiji,FJI,7,0,0,,0,0
2014,Afghanistan,AFG,Finland,FIN,1443,133,0,,0,0
2014,Afghanistan,AFG,France,FRA,3838,424,0,,0,0
2014,Afghanistan,AFG,"United Kingdom of Great Britain and Northern Ireland",GBR,9054,1894,0,,0,0
2014,Afghanistan,AFG,Georgia,GEO,5,10,0,,0,0
2014,Afghanistan,AFG,Germany,DEU,27814,19023,0,,0,0
2014,Afghanistan,AFG,Greece,GRC,1451,774,0,,0,0
2014,Afghanistan,AFG,"China, Hong Kong SAR",HKG,5,5,0,,0,0
2014,Afghanistan,AFG,Croatia,HRV,21,6,0,,0,0
2014,Afghanistan,AFG,Hungary,HUN,819,2623,0,,0,0
2014,Afghanistan,AFG,Iceland,ISL,11,10,0,,0,0
2014,Afghanistan,AFG,India,IND,10395,1305,0,,0,0
2014,Afghanistan,AFG,Indonesia,IDN,1681,4174,0,,0,0
2014,Afghanistan,AFG,Ireland,IRL,158,129,0,,0,0
2014,Afghanistan,AFG,"Iran (Islamic Rep. of)",IRN,950000,33,0,,0,0
2014,Afghanistan,AFG,Iraq,IRQ,5,131,0,,0,0
2014,Afghanistan,AFG,Italy,ITA,8991,1778,0,,0,0
2014,Afghanistan,AFG,Jordan,JOR,8,11,0,,0,0
2014,Afghanistan,AFG,Japan,JPN,34,14,0,,0,0
2014,Afghanistan,AFG,Kazakhstan,KAZ,578,24,0,,0,0
2014,Afghanistan,AFG,Kenya,KEN,5,0,0,,0,0
2014,Afghanistan,AFG,Kyrgyzstan,KGZ,386,133,0,,0,0
2014,Afghanistan,AFG,"Rep. of Korea",KOR,16,33,0,,0,0
2014,Afghanistan,AFG,Lebanon,LBN,19,19,0,,0,0
2014,Afghanistan,AFG,"Sri Lanka",LKA,34,88,0,,0,0
2014,Afghanistan,AFG,Lithuania,LTU,186,46,0,,0,0
2014,Afghanistan,AFG,Luxembourg,LUX,35,17,0,,0,0
2014,Afghanistan,AFG,Latvia,LVA,28,12,0,,0,0
2014,Afghanistan,AFG,"North Macedonia",MKD,0,558,0,,0,0
2014,Afghanistan,AFG,"Rep. of Moldova",MDA,18,5,0,,0,0
2014,Afghanistan,AFG,Mexico,MEX,0,6,0,,0,0
2014,Afghanistan,AFG,Malaysia,MYS,184,212,0,,0,0
2014,Afghanistan,AFG,Nepal,NPL,16,51,0,,0,0
2014,Afghanistan,AFG,Netherlands,NLD,6244,299,0,,0,0
2014,Afghanistan,AFG,Nigeria,NGA,5,0,0,,0,0
2014,Afghanistan,AFG,Norway,NOR,5454,552,0,,0,0
2014,Afghanistan,AFG,Nauru,NRU,29,52,0,,0,0
2014,Afghanistan,AFG,"New Zealand",NZL,36,0,0,,0,0
2014,Afghanistan,AFG,Pakistan,PAK,1504912,5460,0,,0,0
2014,Afghanistan,AFG,Panama,PAN,0,8,0,,0,0
2014,Afghanistan,AFG,Philippines,PHL,5,0,0,,0,0
2014,Afghanistan,AFG,"Papua New Guinea",PNG,27,69,0,,0,0
2014,Afghanistan,AFG,Poland,POL,93,5,0,,0,0
2014,Afghanistan,AFG,Portugal,PRT,10,0,0,,0,0
2014,Afghanistan,AFG,Romania,ROU,120,39,0,,0,0
2014,Afghanistan,AFG,"South Africa",ZAF,10,5,0,,0,0
2014,Afghanistan,AFG,"Russian Federation",RUS,1104,195,0,,0,0
2014,Afghanistan,AFG,Rwanda,RWA,6,0,0,,0,0
2014,Afghanistan,AFG,"Saudi Arabia",SAU,0,7,0,,0,0
2014,Afghanistan,AFG,"Serbia and Kosovo: S/RES/1244 (1999)",SRB,0,58,0,,0,0
2014,Afghanistan,AFG,Senegal,SEN,0,9,0,,0,0
2014,Afghanistan,AFG,Spain,ESP,144,131,0,,0,0
2014,Afghanistan,AFG,Slovakia,SVK,278,0,0,,0,0
2014,Afghanistan,AFG,Slovenia,SVN,23,11,0,,0,0
2014,Afghanistan,AFG,Sweden,SWE,12090,2263,0,,0,0
2014,Afghanistan,AFG,Switzerland,CHE,4119,887,0,,0,0
2014,Afghanistan,AFG,"Syrian Arab Rep.",SYR,1214,251,0,,0,0
2014,Afghanistan,AFG,Thailand,THA,8,45,0,,0,0
2014,Afghanistan,AFG,Tajikistan,TJK,1975,123,0,,0,77
2014,Afghanistan,AFG,Turkmenistan,TKM,19,0,0,,0,0
2014,Afghanistan,AFG,Turkey,TUR,4188,33108,0,,0,0
2014,Afghanistan,AFG,"United Arab Emirates",ARE,5,0,0,,0,0
2014,Afghanistan,AFG,Ukraine,UKR,1544,2397,0,,0,0
2014,Afghanistan,AFG,"United States of America",USA,1210,412,0,,0,0
2014,Afghanistan,AFG,Uzbekistan,UZB,123,0,0,,0,0
2014,Afghanistan,AFG,"Venezuela (Bolivarian Republic of)",VEN,5,0,0,,0,0
2015,Afghanistan,AFG,Afghanistan,AFG,0,0,1174306,,0,150317
2015,Afghanistan,AFG,Egypt,EGY,0,33,0,,0,0
2015,Afghanistan,AFG,Argentina,ARG,5,0,0,,0,0
2015,Afghanistan,AFG,Australia,AUS,7785,1422,0,,0,0
2015,Afghanistan,AFG,Austria,AUT,17458,24267,0,,0,0
2015,Afghanistan,AFG,Azerbaijan,AZE,602,134,0,,0,0
2015,Afghanistan,AFG,Belgium,BEL,2934,1643,0,,0,0
2015,Afghanistan,AFG,Belarus,BLR,403,5,0,,0,0
2015,Afghanistan,AFG,Brazil,BRA,76,43,0,,0,0
2015,Afghanistan,AFG,Bulgaria,BGR,197,3241,0,,0,0
2015,Afghanistan,AFG,Canada,CAN,2890,368,0,,0,0
2015,Afghanistan,AFG,China,CHN,7,0,0,,0,0
2015,Afghanistan,AFG,Chile,CHL,14,0,0,,0,0
2015,Afghanistan,AFG,Colombia,COL,5,5,0,,0,0
2015,Afghanistan,AFG,Cuba,CUB,14,23,0,,0,0
2015,Afghanistan,AFG,Cyprus,CYP,7,14,0,,0,0
2015,Afghanistan,AFG,Czechia,CZE,234,6,0,,0,0
2015,Afghanistan,AFG,Denmark,DNK,2166,217,0,,0,0
2015,Afghanistan,AFG,"Dominican Rep.",DOM,5,0,0,,0,0
2015,Afghanistan,AFG,Ecuador,ECU,112,0,0,,0,0
2015,Afghanistan,AFG,Estonia,EST,16,5,0,,0,0
2015,Afghanistan,AFG,Fiji,FJI,7,0,0,,0,0
2015,Afghanistan,AFG,Finland,FIN,1406,3217,0,,0,0
2015,Afghanistan,AFG,France,FRA,4397,2110,0,,0,0
2015,Afghanistan,AFG,"United Kingdom of Great Britain and Northern Ireland",GBR,9354,2536,0,,0,0
2015,Afghanistan,AFG,Georgia,GEO,5,6,0,,0,0
2015,Afghanistan,AFG,Germany,DEU,30026,42602,0,,0,0
2015,Afghanistan,AFG,Greece,GRC,5223,587,0,,0,0
2015,Afghanistan,AFG,"China, Hong Kong SAR",HKG,0,8,0,,0,0
2015,Afghanistan,AFG,Croatia,HRV,22,0,0,,0,0
2015,Afghanistan,AFG,Hungary,HUN,942,8469,0,,0,0
2015,Afghanistan,AFG,Iceland,ISL,12,21,0,,0,0
2015,Afghanistan,AFG,India,IND,10196,2728,0,,0,0
2015,Afghanistan,AFG,Indonesia,IDN,2890,3782,0,,0,0
2015,Afghanistan,AFG,Ireland,IRL,182,162,0,,0,0
2015,Afghanistan,AFG,"Iran (Islamic Rep. of)",IRN,951142,33,0,,0,0
2015,Afghanistan,AFG,Iraq,IRQ,9,133,0,,0,0
2015,Afghanistan,AFG,Italy,ITA,12203,2690,0,,0,0
2015,Afghanistan,AFG,Jordan,JOR,8,9,0,,0,0
2015,Afghanistan,AFG,Japan,JPN,40,14,0,,0,0
2015,Afghanistan,AFG,Kazakhstan,KAZ,644,49,0,,0,0
2015,Afghanistan,AFG,Kenya,KEN,5,0,0,,0,0
2015,Afghanistan,AFG,Kyrgyzstan,KGZ,258,118,0,,0,0
2015,Afghanistan,AFG,"Rep. of Korea",KOR,32,20,0,,0,0
2015,Afghanistan,AFG,Lebanon,LBN,20,13,0,,0,0
2015,Afghanistan,AFG,Liechtenstein,LIE,0,7,0,,0,0
2015,Afghanistan,AFG,"Sri Lanka",LKA,124,107,0,,0,0
2015,Afghanistan,AFG,Lithuania,LTU,199,15,0,,0,0
2015,Afghanistan,AFG,Luxembourg,LUX,37,221,0,,0,0
2015,Afghanistan,AFG,Latvia,LVA,36,33,0,,0,0
2015,Afghanistan,AFG,"Rep. of Moldova",MDA,17,9,0,,0,0
2015,Afghanistan,AFG,Mexico,MEX,0,6,0,,0,0
2015,Afghanistan,AFG,Malaysia,MYS,173,336,0,,0,0
2015,Afghanistan,AFG,Mongolia,MNG,5,0,0,,0,0
2015,Afghanistan,AFG,Nepal,NPL,69,0,0,,0,0
2015,Afghanistan,AFG,Netherlands,NLD,5803,2360,0,,0,0
2015,Afghanistan,AFG,Nigeria,NGA,5,0,0,,0,0
2015,Afghanistan,AFG,Norway,NOR,5684,6076,0,,0,0
2015,Afghanistan,AFG,Nauru,NRU,41,7,0,,0,0
2015,Afghanistan,AFG,"New Zealand",NZL,38,7,0,,0,0
2015,Afghanistan,AFG,Pakistan,PAK,1560592,6358,0,,0,0
2015,Afghanistan,AFG,Panama,PAN,0,8,0,,0,0
2015,Afghanistan,AFG,Philippines,PHL,5,0,0,,0,0
2015,Afghanistan,AFG,"Papua New Guinea",PNG,27,7,0,,0,0
2015,Afghanistan,AFG,Poland,POL,93,9,0,,0,0
2015,Afghanistan,AFG,Portugal,PRT,11,0,0,,0,0
2015,Afghanistan,AFG,Romania,ROU,141,41,0,,0,0
2015,Afghanistan,AFG,"South Africa",ZAF,10,5,0,,0,0
2015,Afghanistan,AFG,"Russian Federation",RUS,945,291,0,,0,0
2015,Afghanistan,AFG,"Serbia and Kosovo: S/RES/1244 (1999)",SRB,0,35,0,,0,0
2015,Afghanistan,AFG,Senegal,SEN,0,9,0,,0,0
2015,Afghanistan,AFG,Spain,ESP,194,115,0,,0,0
2015,Afghanistan,AFG,Sudan,SDN,6,0,0,,0,0
2015,Afghanistan,AFG,Slovakia,SVK,279,0,0,,0,0
2015,Afghanistan,AFG,Slovenia,SVN,22,16,0,,0,0
2015,Afghanistan,AFG,Sweden,SWE,13064,40614,0,,0,0
2015,Afghanistan,AFG,Switzerland,CHE,4686,7243,0,,0,0
2015,Afghanistan,AFG,"Syrian Arab Rep.",SYR,1213,274,0,,0,0
2015,Afghanistan,AFG,Thailand,THA,16,48,0,,0,0
2015,Afghanistan,AFG,Tajikistan,TJK,1950,286,0,,0,52
2015,Afghanistan,AFG,Turkmenistan,TKM,18,0,0,,0,0
2015,Afghanistan,AFG,Turkey,TUR,3846,90156,0,,0,0
2015,Afghanistan,AFG,Ukraine,UKR,1520,2821,0,,0,0
2015,Afghanistan,AFG,"United States of America",USA,1361,609,0,,0,0
2015,Afghanistan,AFG,Uzbekistan,UZB,106,0,0,,0,0
2015,Afghanistan,AFG,"Venezuela (Bolivarian Republic of)",VEN,5,0,0,,0,0
2016,Afghanistan,AFG,Afghanistan,AFG,0,0,1797551,,0,114221
2016,Afghanistan,AFG,Egypt,EGY,14,21,0,,0,0
2016,Afghanistan,AFG,Argentina,ARG,5,0,0,,0,0
2016,Afghanistan,AFG,Australia,AUS,9217,2077,0,,0,0
2016,Afghanistan,AFG,Austria,AUT,20220,29783,0,,0,0
2016,Afghanistan,AFG,Azerbaijan,AZE,562,135,0,,0,0
2016,Afghanistan,AFG,Belgium,BEL,3201,6457,0,,0,0
2016,Afghanistan,AFG,Belarus,BLR,227,6,0,,0,0
2016,Afghanistan,AFG,Brazil,BRA,98,34,0,,0,0
2016,Afghanistan,AFG,"Bosnia and Herzegovina",BIH,0,5,0,,0,0
2016,Afghanistan,AFG,Bulgaria,BGR,170,7636,0,,0,0
2016,Afghanistan,AFG,Canada,CAN,3177,456,0,,0,0
2016,Afghanistan,AFG,China,CHN,5,20,0,,0,0
2016,Afghanistan,AFG,Chile,CHL,13,0,0,,0,0
2016,Afghanistan,AFG,Colombia,COL,8,0,0,,0,0
2016,Afghanistan,AFG,Cuba,CUB,45,0,0,,0,0
2016,Afghanistan,AFG,Cyprus,CYP,7,7,0,,0,0
2016,Afghanistan,AFG,Czechia,CZE,234,16,0,,0,0
2016,Afghanistan,AFG,Denmark,DNK,2364,1689,0,,0,0
2016,Afghanistan,AFG,"Dominican Rep.",DOM,5,0,0,,0,0
2016,Afghanistan,AFG,Estonia,EST,23,0,0,,0,0
2016,Afghanistan,AFG,Fiji,FJI,7,0,0,,0,0
2016,Afghanistan,AFG,Finland,FIN,2216,986,0,,0,0
2016,Afghanistan,AFG,France,FRA,7685,4180,0,,0,0
2016,Afghanistan,AFG,"United Kingdom of Great Britain and Northern Ireland",GBR,9752,2793,0,,0,0
2016,Afghanistan,AFG,Georgia,GEO,5,9,0,,0,0
2016,Afghanistan,AFG,Germany,DEU,46292,126522,0,,0,0
2016,Afghanistan,AFG,Greece,GRC,11440,4217,0,,0,0
2016,Afghanistan,AFG,Croatia,HRV,39,140,0,,0,0
2016,Afghanistan,AFG,Hungary,HUN,1008,1392,0,,0,0
2016,Afghanistan,AFG,Iceland,ISL,18,11,0,,0,0
2016,Afghanistan,AFG,India,IND,7693,4255,0,,0,0
2016,Afghanistan,AFG,Indonesia,IDN,4379,2775,0,,0,0
2016,Afghanistan,AFG,Ireland,IRL,222,116,0,,0,0
2016,Afghanistan,AFG,"Iran (Islamic Rep. of)",IRN,951142,7,0,,0,0
2016,Afghanistan,AFG,Iraq,IRQ,11,104,0,,0,0
2016,Afghanistan,AFG,Italy,ITA,16033,1926,0,,0,0
2016,Afghanistan,AFG,Jordan,JOR,8,9,0,,0,0
2016,Afghanistan,AFG,Japan,JPN,49,0,0,,0,0
2016,Afghanistan,AFG,Kazakhstan,KAZ,599,87,0,,0,0
2016,Afghanistan,AFG,Kenya,KEN,8,0,0,,0,0
2016,Afghanistan,AFG,Kyrgyzstan,KGZ,242,72,0,,0,0
2016,Afghanistan,AFG,"Rep. of Korea",KOR,33,8,0,,0,0
2016,Afghanistan,AFG,Lebanon,LBN,22,6,0,,0,0
2016,Afghanistan,AFG,Liechtenstein,LIE,0,7,0,,0,0
2016,Afghanistan,AFG,"Sri Lanka",LKA,75,113,0,,0,0
2016,Afghanistan,AFG,Lithuania,LTU,205,24,0,,0,0
2016,Afghanistan,AFG,Luxembourg,LUX,43,230,0,,0,0
2016,Afghanistan,AFG,Latvia,LVA,44,10,0,,0,0
2016,Afghanistan,AFG,Madagascar,MDG,0,5,0,,0,0
2016,Afghanistan,AFG,Mauritania,MRT,0,7,0,,0,0
2016,Afghanistan,AFG,"North Macedonia",MKD,5,0,0,,0,0
2016,Afghanistan,AFG,"Rep. of Moldova",MDA,19,7,0,,0,0
2016,Afghanistan,AFG,Mexico,MEX,0,6,0,,0,0
2016,Afghanistan,AFG,Malaysia,MYS,252,454,0,,0,0
2016,Afghanistan,AFG,Mongolia,MNG,5,0,0,,0,0
2016,Afghanistan,AFG,Malta,MLT,0,7,0,,0,0
2016,Afghanistan,AFG,Montenegro,MNE,0,21,0,,0,0
2016,Afghanistan,AFG,Nepal,NPL,59,0,0,,0,0
2016,Afghanistan,AFG,Netherlands,NLD,5791,1672,0,,0,0
2016,Afghanistan,AFG,Nigeria,NGA,5,0,0,,0,0
2016,Afghanistan,AFG,Norway,NOR,6568,2452,0,,0,0
2016,Afghanistan,AFG,Nauru,NRU,41,7,0,,0,0
2016,Afghanistan,AFG,"New Zealand",NZL,41,5,0,,0,0
2016,Afghanistan,AFG,Pakistan,PAK,1352160,4447,0,,0,0
2016,Afghanistan,AFG,Panama,PAN,0,8,0,,0,0
2016,Afghanistan,AFG,Philippines,PHL,12,0,0,,0,0
2016,Afghanistan,AFG,"Papua New Guinea",PNG,28,0,0,,0,0
2016,Afghanistan,AFG,Poland,POL,92,8,0,,0,0
2016,Afghanistan,AFG,Portugal,PRT,14,11,0,,0,0
2016,Afghanistan,AFG,Romania,ROU,129,0,0,,0,0
2016,Afghanistan,AFG,"South Africa",ZAF,6,0,0,,0,0
2016,Afghanistan,AFG,"Russian Federation",RUS,709,226,0,,0,0
2016,Afghanistan,AFG,"Serbia and Kosovo: S/RES/1244 (1999)",SRB,3449,70,0,,0,0
2016,Afghanistan,AFG,Senegal,SEN,8,0,0,,0,0
2016,Afghanistan,AFG,Spain,ESP,235,115,0,,0,0
2016,Afghanistan,AFG,Sudan,SDN,6,0,0,,0,0
2016,Afghanistan,AFG,Slovakia,SVK,287,0,0,,0,0
2016,Afghanistan,AFG,Slovenia,SVN,36,93,0,,0,0
2016,Afghanistan,AFG,Sweden,SWE,16558,34217,0,,0,0
2016,Afghanistan,AFG,Switzerland,CHE,5675,7761,0,,0,0
2016,Afghanistan,AFG,"Syrian Arab Rep.",SYR,1186,280,0,,0,0
2016,Afghanistan,AFG,Thailand,THA,54,17,0,,0,0
2016,Afghanistan,AFG,Tajikistan,TJK,2711,431,0,,0,0
2016,Afghanistan,AFG,Turkmenistan,TKM,19,0,0,,0,0
2016,Afghanistan,AFG,Turkey,TUR,3423,114693,0,,0,0
2016,Afghanistan,AFG,"United Arab Emirates",ARE,0,18,0,,0,0
2016,Afghanistan,AFG,Ukraine,UKR,1497,2909,0,,0,0
2016,Afghanistan,AFG,"United States of America",USA,1466,784,0,,0,0
2016,Afghanistan,AFG,Uzbekistan,UZB,26,0,0,,0,0
2016,Afghanistan,AFG,"Venezuela (Bolivarian Republic of)",VEN,10,0,0,,0,0
2017,Afghanistan,AFG,Afghanistan,AFG,0,0,1837079,,0,448032
2017,Afghanistan,AFG,Egypt,EGY,17,22,0,,0,0
2017,Afghanistan,AFG,Argentina,ARG,5,9,0,,0,0
2017,Afghanistan,AFG,Armenia,ARM,0,5,0,,0,0
2017,Afghanistan,AFG,Australia,AUS,10922,1795,0,,0,0
2017,Afghanistan,AFG,Austria,AUT,26939,24233,0,,0,0
2017,Afghanistan,AFG,Azerbaijan,AZE,587,70,0,,0,0
2017,Afghanistan,AFG,Belgium,BEL,3201,3915,0,,0,0
2017,Afghanistan,AFG,Belarus,BLR,209,0,0,,0,0
2017,Afghanistan,AFG,Brazil,BRA,99,165,0,,0,0
2017,Afghanistan,AFG,"Bosnia and Herzegovina",BIH,0,9,0,,0,0
2017,Afghanistan,AFG,Bulgaria,BGR,169,752,0,,0,0
2017,Afghanistan,AFG,Canada,CAN,3356,717,0,,0,0
2017,Afghanistan,AFG,China,CHN,8,18,0,,0,0
2017,Afghanistan,AFG,Chile,CHL,13,12,0,,0,0
2017,Afghanistan,AFG,Colombia,COL,8,0,0,,0,0
2017,Afghanistan,AFG,Cuba,CUB,45,0,0,,0,0
2017,Afghanistan,AFG,Cyprus,CYP,12,5,0,,0,0
2017,Afghanistan,AFG,Czechia,CZE,234,5,0,,0,0
2017,Afghanistan,AFG,Denmark,DNK,2668,769,0,,0,0
2017,Afghanistan,AFG,"Dominican Rep.",DOM,5,7,0,,0,0
2017,Afghanistan,AFG,Ecuador,ECU,94,63,0,,0,0
2017,Afghanistan,AFG,Estonia,EST,23,0,0,,0,0
2017,Afghanistan,AFG,Fiji,FJI,7,5,0,,0,0
2017,Afghanistan,AFG,Finland,FIN,2571,320,0,,0,0
2017,Afghanistan,AFG,France,FRA,13425,4314,0,,0,0
2017,Afghanistan,AFG,"United Kingdom of Great Britain and Northern Ireland",GBR,9858,2347,0,,0,0
2017,Afghanistan,AFG,Georgia,GEO,5,16,0,,0,0
2017,Afghanistan,AFG,Germany,DEU,104385,87321,0,,0,0
2017,Afghanistan,AFG,Greece,GRC,4751,6922,0,,0,0
2017,Afghanistan,AFG,Croatia,HRV,45,93,0,,0,0
2017,Afghanistan,AFG,Hungary,HUN,1412,241,0,,0,0
2017,Afghanistan,AFG,Iceland,ISL,44,10,0,,0,0
2017,Afghanistan,AFG,India,IND,7758,5743,0,,0,0
2017,Afghanistan,AFG,Indonesia,IDN,5477,2082,0,,0,0
2017,Afghanistan,AFG,Ireland,IRL,230,180,0,,0,0
2017,Afghanistan,AFG,"Iran (Islamic Rep. of)",IRN,951142,0,0,,0,0
2017,Afghanistan,AFG,Iraq,IRQ,11,107,0,,0,0
2017,Afghanistan,AFG,Italy,ITA,17171,322,0,,0,0
2017,Afghanistan,AFG,Jordan,JOR,8,9,0,,0,0
2017,Afghanistan,AFG,Japan,JPN,51,0,0,,0,0
2017,Afghanistan,AFG,Kazakhstan,KAZ,561,164,0,,0,0
2017,Afghanistan,AFG,Kenya,KEN,8,5,0,,0,0
2017,Afghanistan,AFG,Kyrgyzstan,KGZ,236,46,0,,0,0
2017,Afghanistan,AFG,"Rep. of Korea",KOR,37,7,0,,0,0
2017,Afghanistan,AFG,Libya,LBY,0,11,0,,0,0
2017,Afghanistan,AFG,Lebanon,LBN,22,6,0,,0,0
2017,Afghanistan,AFG,Liechtenstein,LIE,5,0,0,,0,0
2017,Afghanistan,AFG,"Sri Lanka",LKA,133,58,0,,0,0
2017,Afghanistan,AFG,Lithuania,LTU,212,9,0,,0,0
2017,Afghanistan,AFG,Luxembourg,LUX,43,70,0,,0,0
2017,Afghanistan,AFG,Latvia,LVA,58,8,0,,0,0
2017,Afghanistan,AFG,Madagascar,MDG,5,0,0,,0,0
2017,Afghanistan,AFG,Mauritania,MRT,0,7,0,,0,0
2017,Afghanistan,AFG,"North Macedonia",MKD,5,0,0,,0,0
2017,Afghanistan,AFG,"Rep. of Moldova",MDA,18,7,0,,0,0
2017,Afghanistan,AFG,Mexico,MEX,0,6,0,,0,0
2017,Afghanistan,AFG,Malaysia,MYS,389,798,0,,0,0
2017,Afghanistan,AFG,Mongolia,MNG,5,0,0,,0,0
2017,Afghanistan,AFG,Morocco,MAR,5,0,0,,0,0
2017,Afghanistan,AFG,Malta,MLT,0,6,0,,0,0
2017,Afghanistan,AFG,Nepal,NPL,57,0,0,,0,0
2017,Afghanistan,AFG,Netherlands,NLD,6205,413,0,,0,0
2017,Afghanistan,AFG,Nigeria,NGA,5,0,0,,0,0
2017,Afghanistan,AFG,Norway,NOR,6490,616,0,,0,0
2017,Afghanistan,AFG,Nauru,NRU,81,0,0,,0,0
2017,Afghanistan,AFG,"New Zealand",NZL,42,20,0,,0,0
2017,Afghanistan,AFG,Pakistan,PAK,1392610,3241,0,,0,0
2017,Afghanistan,AFG,Panama,PAN,5,6,0,,0,0
2017,Afghanistan,AFG,Philippines,PHL,13,5,0,,0,0
2017,Afghanistan,AFG,"Papua New Guinea",PNG,117,0,0,,0,0
2017,Afghanistan,AFG,Poland,POL,99,7,0,,0,0
2017,Afghanistan,AFG,Portugal,PRT,18,0,0,,0,0
2017,Afghanistan,AFG,Romania,ROU,152,111,0,,0,0
2017,Afghanistan,AFG,"Russian Federation",RUS,661,167,0,,0,0
2017,Afghanistan,AFG,"Serbia and Kosovo: S/RES/1244 (1999)",SRB,2182,49,0,,0,0
2017,Afghanistan,AFG,Spain,ESP,287,148,0,,0,0
2017,Afghanistan,AFG,Sudan,SDN,0,0,0,,0,8
2017,Afghanistan,AFG,Slovakia,SVK,246,0,0,,0,0
2017,Afghanistan,AFG,Slovenia,SVN,41,41,0,,0,0
2017,Afghanistan,AFG,Sweden,SWE,25645,17812,0,,0,0
2017,Afghanistan,AFG,Switzerland,CHE,8151,5620,0,,0,0
2017,Afghanistan,AFG,"Syrian Arab Rep.",SYR,1221,32,0,,0,0
2017,Afghanistan,AFG,Thailand,THA,88,5,0,,0,0
2017,Afghanistan,AFG,Tajikistan,TJK,2516,440,0,,0,0
2017,Afghanistan,AFG,Turkmenistan,TKM,14,0,0,,0,0
2017,Afghanistan,AFG,Turkey,TUR,5603,157810,0,,0,0
2017,Afghanistan,AFG,"United Arab Emirates",ARE,5,14,0,,0,0
2017,Afghanistan,AFG,Ukraine,UKR,1410,2808,0,,0,0
2017,Afghanistan,AFG,"United States of America",USA,1564,810,0,,0,0
2017,Afghanistan,AFG,Uzbekistan,UZB,20,0,0,,0,0
2017,Afghanistan,AFG,"Venezuela (Bolivarian Republic of)",VEN,10,0,0,,0,0
2018,Afghanistan,AFG,Afghanistan,AFG,0,0,2106893,,0,489854
2018,Afghanistan,AFG,Egypt,EGY,20,23,0,,0,0
2018,Afghanistan,AFG,Argentina,ARG,5,8,0,,0,0
2018,Afghanistan,AFG,Armenia,ARM,0,16,0,,0,0
2018,Afghanistan,AFG,Australia,AUS,11932,1600,0,,0,0
2018,Afghanistan,AFG,Austria,AUT,33103,16093,0,,0,0
2018,Afghanistan,AFG,Azerbaijan,AZE,636,100,0,,0,0
2018,Afghanistan,AFG,Belgium,BEL,3201,2105,0,,0,0
2018,Afghanistan,AFG,Belarus,BLR,208,31,0,,0,0
2018,Afghanistan,AFG,Brazil,BRA,121,178,0,,0,0
2018,Afghanistan,AFG,"Bosnia and Herzegovina",BIH,0,246,0,,0,0
2018,Afghanistan,AFG,Bulgaria,BGR,205,584,0,,0,0
2018,Afghanistan,AFG,Canada,CAN,3603,769,0,,0,0
2018,Afghanistan,AFG,China,CHN,9,23,0,,0,0
2018,Afghanistan,AFG,Chile,CHL,13,13,0,,0,0
2018,Afghanistan,AFG,Colombia,COL,9,0,0,,0,0
2018,Afghanistan,AFG,Cuba,CUB,42,0,0,,0,0
2018,Afghanistan,AFG,Cyprus,CYP,14,5,0,,0,0
2018,Afghanistan,AFG,Czechia,CZE,46,16,0,,0,0
2018,Afghanistan,AFG,Denmark,DNK,2750,284,0,,0,0
2018,Afghanistan,AFG,"Dominican Rep.",DOM,0,5,0,,0,0
2018,Afghanistan,AFG,Ecuador,ECU,141,9,0,,0,0
2018,Afghanistan,AFG,Estonia,EST,8,0,0,,0,0
2018,Afghanistan,AFG,Fiji,FJI,0,7,0,,0,0
2018,Afghanistan,AFG,Finland,FIN,2944,187,0,,0,0
2018,Afghanistan,AFG,France,FRA,18534,8085,0,,0,0
2018,Afghanistan,AFG,"United Kingdom of Great Britain and Northern Ireland",GBR,9839,2438,0,,0,0
2018,Afghanistan,AFG,Georgia,GEO,5,37,0,,0,0
2018,Afghanistan,AFG,Germany,DEU,126018,65838,0,,0,0
2018,Afghanistan,AFG,Greece,GRC,9291,13533,0,,0,0
2018,Afghanistan,AFG,Croatia,HRV,53,21,0,,0,0
2018,Afghanistan,AFG,Hungary,HUN,1552,68,0,,0,0
2018,Afghanistan,AFG,Iceland,ISL,58,29,0,,0,0
2018,Afghanistan,AFG,India,IND,6984,7864,0,,0,0
2018,Afghanistan,AFG,Indonesia,IDN,6098,1635,0,,0,0
2018,Afghanistan,AFG,Ireland,IRL,289,148,0,,0,0
2018,Afghanistan,AFG,"Iran (Islamic Rep. of)",IRN,951142,0,0,,0,0
2018,Afghanistan,AFG,Iraq,IRQ,12,66,0,,0,0
2018,Afghanistan,AFG,Italy,ITA,16941,825,0,,0,0
2018,Afghanistan,AFG,Jordan,JOR,8,10,0,,0,0
2018,Afghanistan,AFG,Japan,JPN,55,0,0,,0,0
2018,Afghanistan,AFG,Kazakhstan,KAZ,538,164,0,,0,0
2018,Afghanistan,AFG,Kenya,KEN,8,10,0,,0,0
2018,Afghanistan,AFG,Kyrgyzstan,KGZ,223,34,0,,0,0
2018,Afghanistan,AFG,"Rep. of Korea",KOR,38,31,0,,0,0
2018,Afghanistan,AFG,Libya,LBY,0,11,0,,0,0
2018,Afghanistan,AFG,Lebanon,LBN,17,6,0,,0,0
2018,Afghanistan,AFG,Liechtenstein,LIE,5,0,0,,0,0
2018,Afghanistan,AFG,"Sri Lanka",LKA,146,34,0,,0,0
2018,Afghanistan,AFG,Lithuania,LTU,222,20,0,,0,0
2018,Afghanistan,AFG,Luxembourg,LUX,43,115,0,,0,0
2018,Afghanistan,AFG,Latvia,LVA,67,0,0,,0,0
2018,Afghanistan,AFG,Madagascar,MDG,5,0,0,,0,0
2018,Afghanistan,AFG,Mauritania,MRT,0,8,0,,0,0
2018,Afghanistan,AFG,"North Macedonia",MKD,5,0,0,,0,0
2018,Afghanistan,AFG,"Rep. of Moldova",MDA,18,6,0,,0,0
2018,Afghanistan,AFG,Malaysia,MYS,647,1070,0,,0,0
2018,Afghanistan,AFG,Mongolia,MNG,5,0,0,,0,0
2018,Afghanistan,AFG,Morocco,MAR,5,5,0,,0,0
2018,Afghanistan,AFG,Malta,MLT,0,5,0,,0,0
2018,Afghanistan,AFG,Nepal,NPL,55,0,0,,0,0
2018,Afghanistan,AFG,Netherlands,NLD,6267,538,0,,0,0
2018,Afghanistan,AFG,Nigeria,NGA,5,0,0,,0,0
2018,Afghanistan,AFG,Norway,NOR,6065,193,0,,0,0
2018,Afghanistan,AFG,Nauru,NRU,81,5,0,,0,0
2018,Afghanistan,AFG,"New Zealand",NZL,47,5,0,,0,0
2018,Afghanistan,AFG,Pakistan,PAK,1403521,5012,0,,0,0
2018,Afghanistan,AFG,Panama,PAN,5,6,0,,0,0
2018,Afghanistan,AFG,Philippines,PHL,14,6,0,,0,0
2018,Afghanistan,AFG,"Papua New Guinea",PNG,118,7,0,,0,0
2018,Afghanistan,AFG,Poland,POL,110,15,0,,0,0
2018,Afghanistan,AFG,Portugal,PRT,16,5,0,,0,0
2018,Afghanistan,AFG,Romania,ROU,155,74,0,,0,0
2018,Afghanistan,AFG,"Russian Federation",RUS,789,226,0,,0,0
2018,Afghanistan,AFG,"Serbia and Kosovo: S/RES/1244 (1999)",SRB,1726,18,0,,0,0
2018,Afghanistan,AFG,Senegal,SEN,0,9,0,,0,0
2018,Afghanistan,AFG,Spain,ESP,338,195,0,,0,0
2018,Afghanistan,AFG,Sudan,SDN,6,0,0,,0,5
2018,Afghanistan,AFG,Slovakia,SVK,260,0,0,,0,0
2018,Afghanistan,AFG,Slovenia,SVN,48,29,0,,0,0
2018,Afghanistan,AFG,Sweden,SWE,28204,8614,0,,0,0
2018,Afghanistan,AFG,Switzerland,CHE,12282,1793,0,,0,0
2018,Afghanistan,AFG,"Syrian Arab Rep.",SYR,1229,10,0,,0,0
2018,Afghanistan,AFG,Thailand,THA,136,11,0,,0,0
2018,Afghanistan,AFG,Tajikistan,TJK,2649,315,0,,0,0
2018,Afghanistan,AFG,Turkmenistan,TKM,14,0,0,,0,0
2018,Afghanistan,AFG,Turkey,TUR,6606,164913,0,,0,0
2018,Afghanistan,AFG,"United Arab Emirates",ARE,5,20,0,,0,0
2018,Afghanistan,AFG,Ukraine,UKR,1013,2905,0,,0,0
2018,Afghanistan,AFG,"United States of America",USA,1599,765,0,,0,0
2018,Afghanistan,AFG,Uzbekistan,UZB,13,0,0,,0,0
2018,Afghanistan,AFG,"Venezuela (Bolivarian Republic of)",VEN,10,0,0,,0,0
2019,Afghanistan,AFG,Afghanistan,AFG,0,0,2553390,,0,447093
2019,Afghanistan,AFG,Egypt,EGY,28,36,0,,0,0
2019,Afghanistan,AFG,Argentina,ARG,12,0,0,,0,0
2019,Afghanistan,AFG,Armenia,ARM,5,0,0,,0,0
2019,Afghanistan,AFG,Australia,AUS,11585,1712,0,,0,0
2019,Afghanistan,AFG,Austria,AUT,37276,12606,0,,0,0
2019,Afghanistan,AFG,Azerbaijan,AZE,627,94,0,,0,0
2019,Afghanistan,AFG,Belgium,BEL,5070,1035,0,,0,0
2019,Afghanistan,AFG,Belarus,BLR,213,13,0,,0,0
2019,Afghanistan,AFG,Brazil,BRA,132,185,0,,0,0
2019,Afghanistan,AFG,"Bosnia and Herzegovina",BIH,0,134,0,,0,902
2019,Afghanistan,AFG,Bulgaria,BGR,243,1075,0,,0,0
2019,Afghanistan,AFG,Canada,CAN,2447,634,0,,0,0
2019,Afghanistan,AFG,China,CHN,21,21,0,,0,0
2019,Afghanistan,AFG,Chile,CHL,13,13,0,,0,0
2019,Afghanistan,AFG,Colombia,COL,9,0,0,,0,0
2019,Afghanistan,AFG,Cuba,CUB,36,0,0,,0,0
2019,Afghanistan,AFG,Cyprus,CYP,14,5,0,,0,0
2019,Afghanistan,AFG,Czechia,CZE,45,14,0,,0,0
2019,Afghanistan,AFG,Denmark,DNK,2620,86,0,,0,0
2019,Afghanistan,AFG,"Dominican Rep.",DOM,0,9,0,,0,0
2019,Afghanistan,AFG,Ecuador,ECU,150,5,0,,0,0
2019,Afghanistan,AFG,Estonia,EST,9,0,0,,0,0
2019,Afghanistan,AFG,Fiji,FJI,5,5,0,,0,0
2019,Afghanistan,AFG,Finland,FIN,3238,1487,0,,0,0
2019,Afghanistan,AFG,France,FRA,24293,11070,0,,0,0
2019,Afghanistan,AFG,"United Kingdom of Great Britain and Northern Ireland",GBR,9513,2890,0,,0,0
2019,Afghanistan,AFG,Georgia,GEO,11,18,0,,0,0
2019,Afghanistan,AFG,Germany,DEU,140366,47826,0,,0,0
2019,Afghanistan,AFG,Greece,GRC,17685,27608,0,,0,0
2019,Afghanistan,AFG,"China, Hong Kong SAR",HKG,5,0,0,,0,0
2019,Afghanistan,AFG,Croatia,HRV,53,108,0,,0,13
2019,Afghanistan,AFG,Hungary,HUN,1487,92,0,,0,0
2019,Afghanistan,AFG,Iceland,ISL,86,21,0,,0,0
2019,Afghanistan,AFG,India,IND,7470,8300,0,,0,0
2019,Afghanistan,AFG,Indonesia,IDN,5866,1928,0,,0,0
2019,Afghanistan,AFG,Ireland,IRL,366,129,0,,0,0
2019,Afghanistan,AFG,"Iran (Islamic Rep. of)",IRN,951142,0,0,,0,0
2019,Afghanistan,AFG,Iraq,IRQ,11,56,0,,0,0
2019,Afghanistan,AFG,Italy,ITA,17849,840,0,,0,0
2019,Afghanistan,AFG,Jordan,JOR,8,11,0,,0,0
2019,Afghanistan,AFG,Japan,JPN,68,0,0,,0,0
2019,Afghanistan,AFG,Kazakhstan,KAZ,491,181,0,,0,0
2019,Afghanistan,AFG,Kenya,KEN,10,9,0,,0,0
2019,Afghanistan,AFG,Kyrgyzstan,KGZ,227,104,0,,0,0
2019,Afghanistan,AFG,"Rep. of Korea",KOR,41,49,0,,0,0
2019,Afghanistan,AFG,Kuwait,KWT,0,17,0,,0,0
2019,Afghanistan,AFG,Libya,LBY,0,11,0,,0,0
2019,Afghanistan,AFG,Lebanon,LBN,18,6,0,,0,0
2019,Afghanistan,AFG,Liechtenstein,LIE,5,0,0,,0,0
2019,Afghanistan,AFG,"Sri Lanka",LKA,160,45,0,,0,0
2019,Afghanistan,AFG,Lithuania,LTU,236,5,0,,0,0
2019,Afghanistan,AFG,Luxembourg,LUX,97,170,0,,0,0
2019,Afghanistan,AFG,Latvia,LVA,66,0,0,,0,0
2019,Afghanistan,AFG,Madagascar,MDG,10,10,0,,0,0
2019,Afghanistan,AFG,"North Macedonia",MKD,5,15,0,,0,0
2019,Afghanistan,AFG,"Rep. of Moldova",MDA,24,0,0,,0,0
2019,Afghanistan,AFG,Malaysia,MYS,1352,1156,0,,0,0
2019,Afghanistan,AFG,Morocco,MAR,5,6,0,,0,0
2019,Afghanistan,AFG,Malta,MLT,0,5,0,,0,0
2019,Afghanistan,AFG,Montenegro,MNE,0,50,0,,0,0
2019,Afghanistan,AFG,Nepal,NPL,51,0,0,,0,0
2019,Afghanistan,AFG,Netherlands,NLD,5815,543,0,,0,0
2019,Afghanistan,AFG,Nigeria,NGA,5,0,0,,0,0
2019,Afghanistan,AFG,Norway,NOR,5108,89,0,,0,0
2019,Afghanistan,AFG,Nauru,NRU,25,5,0,,0,0
2019,Afghanistan,AFG,"New Zealand",NZL,46,31,0,,0,0
2019,Afghanistan,AFG,Pakistan,PAK,1419084,8424,0,,0,0
2019,Afghanistan,AFG,Panama,PAN,5,6,0,,0,0
2019,Afghanistan,AFG,Philippines,PHL,14,6,0,,0,0
2019,Afghanistan,AFG,"Papua New Guinea",PNG,43,5,0,,0,0
2019,Afghanistan,AFG,Poland,POL,121,16,0,,0,0
2019,Afghanistan,AFG,Portugal,PRT,20,5,0,,0,0
2019,Afghanistan,AFG,Romania,ROU,148,67,0,,0,0
2019,Afghanistan,AFG,"South Africa",ZAF,0,24,0,,0,0
2019,Afghanistan,AFG,"Russian Federation",RUS,795,268,0,,0,0
2019,Afghanistan,AFG,"Serbia and Kosovo: S/RES/1244 (1999)",SRB,19,10,0,,0,2662
2019,Afghanistan,AFG,Senegal,SEN,0,5,0,,0,0
2019,Afghanistan,AFG,Spain,ESP,395,270,0,,0,0
2019,Afghanistan,AFG,Sudan,SDN,0,0,0,,0,5
2019,Afghanistan,AFG,Slovakia,SVK,276,0,0,,0,0
2019,Afghanistan,AFG,Slovenia,SVN,51,25,0,,0,0
2019,Afghanistan,AFG,Sweden,SWE,30546,3118,0,,0,0
2019,Afghanistan,AFG,Switzerland,CHE,13455,1152,0,,0,0
2019,Afghanistan,AFG,"Syrian Arab Rep.",SYR,1110,32,0,,0,0
2019,Afghanistan,AFG,Thailand,THA,134,18,0,,0,0
2019,Afghanistan,AFG,Tajikistan,TJK,3783,1413,0,,0,0
2019,Afghanistan,AFG,Turkmenistan,TKM,14,0,0,,0,0
2019,Afghanistan,AFG,Turkey,TUR,1192,116403,0,,0,0
2019,Afghanistan,AFG,"United Arab Emirates",ARE,5,25,0,,0,0
2019,Afghanistan,AFG,Ukraine,UKR,820,647,0,,0,0
2019,Afghanistan,AFG,Uruguay,URY,0,5,0,,0,0
2019,Afghanistan,AFG,"United States of America",USA,1629,727,0,,0,0
2019,Afghanistan,AFG,Uzbekistan,UZB,13,0,0,,0,0
2019,Afghanistan,AFG,"Venezuela (Bolivarian Republic of)",VEN,10,0,0,,0,0
2020,Afghanistan,AFG,Afghanistan,AFG,0,0,2886317,,0,82595
2020,Afghanistan,AFG,Albania,ALB,0,0,0,,0,5
2020,Afghanistan,AFG,Algeria,DZA,5,0,0,,0,0
2020,Afghanistan,AFG,Egypt,EGY,34,44,0,,0,0
2020,Afghanistan,AFG,Argentina,ARG,12,0,0,,0,0
2020,Afghanistan,AFG,Armenia,ARM,5,0,0,,0,0
2020,Afghanistan,AFG,Australia,AUS,10659,1761,0,,0,0
2020,Afghanistan,AFG,Austria,AUT,40096,6473,0,,0,0
2020,Afghanistan,AFG,Azerbaijan,AZE,1087,24,0,,0,0
2020,Afghanistan,AFG,Belgium,BEL,4689,4215,0,,0,0
2020,Afghanistan,AFG,Belarus,BLR,222,0,0,,0,0
2020,Afghanistan,AFG,Brazil,BRA,143,173,0,,0,0
2020,Afghanistan,AFG,"Bosnia and Herzegovina",BIH,0,33,0,,0,1842
2020,Afghanistan,AFG,Bulgaria,BGR,244,942,0,,0,0
2020,Afghanistan,AFG,Canada,CAN,2261,507,0,,0,0
2020,Afghanistan,AFG,"Cayman Islands",CYM,5,0,0,,0,0
2020,Afghanistan,AFG,Chad,TCD,5,0,0,,0,0
2020,Afghanistan,AFG,China,CHN,20,12,0,,0,0
2020,Afghanistan,AFG,Chile,CHL,13,13,0,,0,0
2020,Afghanistan,AFG,Colombia,COL,9,0,0,,0,0
2020,Afghanistan,AFG,"Costa Rica",CRI,5,0,0,,0,0
2020,Afghanistan,AFG,Cuba,CUB,28,0,0,,0,0
2020,Afghanistan,AFG,Cyprus,CYP,16,17,0,,0,0
2020,Afghanistan,AFG,Czechia,CZE,39,5,0,,0,0
2020,Afghanistan,AFG,Denmark,DNK,2134,82,0,,0,0
2020,Afghanistan,AFG,"Dominican Rep.",DOM,5,8,0,,0,0
2020,Afghanistan,AFG,Ecuador,ECU,146,5,0,,0,0
2020,Afghanistan,AFG,Estonia,EST,5,0,0,,0,0
2020,Afghanistan,AFG,Ethiopia,ETH,5,0,0,,0,0
2020,Afghanistan,AFG,Fiji,FJI,8,0,0,,0,0
2020,Afghanistan,AFG,Finland,FIN,3331,928,0,,0,0
2020,Afghanistan,AFG,France,FRA,31546,13560,0,,0,0
2020,Afghanistan,AFG,"United Kingdom of Great Britain and Northern Ireland",GBR,9351,3227,0,,0,0
2020,Afghanistan,AFG,Georgia,GEO,11,18,0,,0,0
2020,Afghanistan,AFG,Germany,DEU,147994,33103,0,,0,0
2020,Afghanistan,AFG,Greece,GRC,21456,19706,0,,0,0
2020,Afghanistan,AFG,"China, Hong Kong SAR",HKG,9,0,0,,0,0
2020,Afghanistan,AFG,Croatia,HRV,54,351,0,,0,115
2020,Afghanistan,AFG,Hungary,HUN,1503,17,0,,0,0
2020,Afghanistan,AFG,Iceland,ISL,121,5,0,,0,0
2020,Afghanistan,AFG,India,IND,8275,6857,0,,0,0
2020,Afghanistan,AFG,Indonesia,IDN,5863,1739,0,,0,0
2020,Afghanistan,AFG,Ireland,IRL,420,159,0,,0,0
2020,Afghanistan,AFG,"Iran (Islamic Rep. of)",IRN,780000,0,0,,0,0
2020,Afghanistan,AFG,Iraq,IRQ,11,64,0,,0,0
2020,Afghanistan,AFG,Italy,ITA,12096,1339,0,,0,0
2020,Afghanistan,AFG,Jordan,JOR,8,11,0,,0,0
2020,Afghanistan,AFG,Japan,JPN,73,0,0,,0,0
2020,Afghanistan,AFG,Kazakhstan,KAZ,408,198,0,,0,0
2020,Afghanistan,AFG,Kenya,KEN,11,8,0,,0,0
2020,Afghanistan,AFG,Kyrgyzstan,KGZ,219,41,0,,0,0
2020,Afghanistan,AFG,"Rep. of Korea",KOR,42,45,0,,0,0
2020,Afghanistan,AFG,Kuwait,KWT,0,17,0,,0,0
2020,Afghanistan,AFG,Libya,LBY,0,5,0,,0,0
2020,Afghanistan,AFG,Lebanon,LBN,13,7,0,,0,0
2020,Afghanistan,AFG,Liechtenstein,LIE,5,0,0,,0,0
2020,Afghanistan,AFG,"Sri Lanka",LKA,142,25,0,,0,0
2020,Afghanistan,AFG,Lithuania,LTU,230,9,0,,0,0
2020,Afghanistan,AFG,Luxembourg,LUX,317,146,0,,0,0
2020,Afghanistan,AFG,Latvia,LVA,63,5,0,,0,0
2020,Afghanistan,AFG,Madagascar,MDG,10,9,0,,0,0
2020,Afghanistan,AFG,"North Macedonia",MKD,6,6,0,,0,0
2020,Afghanistan,AFG,"Rep. of Moldova",MDA,24,0,0,,0,0
2020,Afghanistan,AFG,Mexico,MEX,5,0,0,,0,0
2020,Afghanistan,AFG,Malaysia,MYS,1517,1153,0,,0,0
2020,Afghanistan,AFG,Mongolia,MNG,5,5,0,,0,0
2020,Afghanistan,AFG,Morocco,MAR,5,5,0,,0,0
2020,Afghanistan,AFG,Malta,MLT,5,0,0,,0,0
2020,Afghanistan,AFG,Montenegro,MNE,0,6,0,,0,0
2020,Afghanistan,AFG,Nepal,NPL,52,0,0,,0,0
2020,Afghanistan,AFG,Netherlands,NLD,5212,497,0,,0,0
2020,Afghanistan,AFG,Nigeria,NGA,5,0,0,,0,0
2020,Afghanistan,AFG,Norway,NOR,4007,65,0,,0,0
2020,Afghanistan,AFG,Nauru,NRU,29,0,0,,0,0
2020,Afghanistan,AFG,"New Zealand",NZL,57,23,0,,0,0
2020,Afghanistan,AFG,Pakistan,PAK,1438432,9668,0,,0,8
2020,Afghanistan,AFG,Panama,PAN,5,6,0,,0,0
2020,Afghanistan,AFG,Peru,PER,0,5,0,,0,0
2020,Afghanistan,AFG,Philippines,PHL,9,0,0,,0,0
2020,Afghanistan,AFG,"Papua New Guinea",PNG,35,0,0,,0,0
2020,Afghanistan,AFG,Poland,POL,92,52,0,,0,0
2020,Afghanistan,AFG,Portugal,PRT,21,30,0,,0,0
2020,Afghanistan,AFG,Romania,ROU,170,1484,0,,0,0
2020,Afghanistan,AFG,"South Africa",ZAF,5,20,0,,0,0
2020,Afghanistan,AFG,"Russian Federation",RUS,770,174,0,,0,0
2020,Afghanistan,AFG,"Saudi Arabia",SAU,0,61,0,,0,0
2020,Afghanistan,AFG,"Serbia and Kosovo: S/RES/1244 (1999)",SRB,27,5,0,,0,2929
2020,Afghanistan,AFG,Spain,ESP,468,185,0,,0,0
2020,Afghanistan,AFG,Sudan,SDN,0,0,0,,0,5
2020,Afghanistan,AFG,Slovakia,SVK,298,0,0,,0,0
2020,Afghanistan,AFG,Slovenia,SVN,56,155,0,,0,0
2020,Afghanistan,AFG,Sweden,SWE,29927,1358,0,,0,0
2020,Afghanistan,AFG,Switzerland,CHE,14523,844,0,,0,0
2020,Afghanistan,AFG,"Syrian Arab Rep.",SYR,1107,40,0,,0,0
2020,Afghanistan,AFG,Thailand,THA,160,18,0,,0,0
2020,Afghanistan,AFG,Tajikistan,TJK,5573,408,0,,0,0
2020,Afghanistan,AFG,Turkmenistan,TKM,14,0,0,,0,0
2020,Afghanistan,AFG,"Trinidad and Tobago",TTO,5,0,0,,0,0
2020,Afghanistan,AFG,Turkey,TUR,4219,125104,0,,0,0
2020,Afghanistan,AFG,"United Arab Emirates",ARE,5,25,0,,0,0
2020,Afghanistan,AFG,Ukraine,UKR,822,673,0,,0,0
2020,Afghanistan,AFG,Uruguay,URY,5,7,0,,0,0
2020,Afghanistan,AFG,"United States of America",USA,1592,796,0,,0,0
2020,Afghanistan,AFG,Uzbekistan,UZB,13,0,0,,0,0
2020,Afghanistan,AFG,"Venezuela (Bolivarian Republic of)",VEN,10,0,0,,0,0
